h,derivative,total_absolute_error,truncation_error,rounding_error,roundoff_scale,heuristic_error_model
1.0e-16,2.220446049250313,3.216117607667777389873311606523684370514494187399919149933935255448153260707109,9.060939428196817072413581420303501180474004452249846085416877808112273187347031e-32,3.216117607667777389873311606523774979908776155570643285748138290459958000751632,6.035798146750804376422281358715718797250085860837569766572163757740269029306195,6.035798146750804376422281358715809406644367829008293902386366703349283097967789
1.1224505680853058e-16,7.912851086308364,2.476287429390273397506358903312020790580171339943830850066064744551846739292891,1.141583479797193123017453571611358509279455526731377089512892876171140093842676e-31,2.476287429390273397506358903311906632232191620631529104708903608700918793740218,5.377339829803610421975528113327657799565108640602388361636524085880615269296219,5.377339829803610421975528113327771957913088359914690106993685184980767701935451
1.2598952777950258e-16,7.049620991155301,1.613057334237210471234344892847248208526033156350080850066064744551846739292891,1.438275635405296843557577160789623378431226217596163385077321753163212498600929e-31,1.613057334237210471234344892847104380962492626665725092349985782214003616671131,4.790714159445224269482289781973795763442598705607181524427528105627578311283116,4.790714159445224269482289781973939591006139235291537282143607067469542389193972
1.414170170289021e-16,6.280562540211152,0.8439988832930615409726547814820789217981278829125808500660647445518467392928909,1.81207668121477426818879537117534814856075537725182060897601675647770566995484e-31,0.8439988832930615409726547814818977141300064054857619705289472097369906637551658,4.268084756389139250364986851722500993689877888226395011472024389679857828241585,4.26808475638913925036498685172268220135799936565321389100914192380523976501834
1.5873361110102119e-16,5.5954023444654775,0.1588386875473869914448064965576760888132035665063308500660647445518467392928909,2.283026853664994875521904611120654162363545415063433848913745805193908861736454e-31,0.1588386875473869914448064965574477861278370670187786596049526791356103847513846,3.802470128969411424349823473240062162787614658524278588943164593522445520658293,3.802470128969411424349823473240290465472981158011830779404276705378026126736392
1.7817063195457324e-16,6.231234701509177,0.7946710445910862170297937855970941901239335469750808500660647445518467392928909,2.876374752011762500481750486408126324803775414865600578024270993038264216029013e-31,0.7946710445910862170297937855968065526487323707250326750174239319193663617514044,3.387650411595163466083940433134413589074401091587574112777139174027811803361438,3.387650411595163466083940433134701226549602267837622287825780008903472965769437
1.999877270535287e-16,5.551455786724324,0.1148921298062332447547183411111019969018876485375808500660647445518467392928909,3.623930967228458702064024473232333692190853825036352473105520793479336273201683e-31,0.1148921298062332447547183411107396038051648026673744476187415111826276539103873,3.018084277309308561747286053529661488650148946487543114610113710366484608155965,3.018084277309308561747286053530023881746871792357749517057436930242719992227333
2.244763378413224e-16,4.945835428810096,0.4907282281079948354214260897684014916387617655249191499339352554481532607071091,4.56577351266629578032093863082531792082012274041404605899625226620259781326455e-31,0.4907282281079948354214260897688580689900283951029512437970177872402352729811505,2.688834914536686442687335848106316162389788723157229728376164605946028860333472,2.688834914536686442687335848106772739741055352735261822239247127935345940029148
2.5196359293170137e-16,4.406283509880333,1.030280147037757676936156188192880856987577683493669149933935255448153260707109,5.752396488089874533757164927585996325272318586490432797685204767301704026068544e-31,1.030280147037757676936156188193456096636386670947044866426693855080680492565758,2.395504079189290149332886974194748261425541823640180485950864645428666571633034,2.395504079189290149332886974195323501074350811093556202443623227334793228482573
2.8281667802300293e-16,5.495829472789433,0.05926581587134254156024924404070605039920210166258085006606474455184673929289093,7.2474171713491222445702777049618911868662142203825768460804499435278620344714e-31,0.05926581587134254156024924403998130868206718943812382229556855543316011787085268,2.134173341170453106916697452296078257403229664820503843930861850867217573037631,2.134173341170453106916697452296802999120364577044960871701357949303668548433136
3.174477409109187e-16,4.896277510166267,0.5402861467518234710733972159764833331075728006811691499339352554481532607071091,9.130986670393344841752756081164397945996088272611382416367942072025950031260832e-31,0.5402861467518234710733972159773964317746121351653444255420516952427528695343702,1.901351740425380071781294297814088627743888775704183666170600333864351285985073,1.901351740425380071781294297815001726410928110188358941778716695308540157415787
3.5631939712285916e-16,6.231617103024851,0.7950534461067603637378729918886803507837235860375808500660647445518467392928909,1.150408698763799549950859008806838474849604240049860422175467233850526070498074e-30,0.7950534461067603637378729918875299420849597864876299910572579060769971350528411,1.693929153306705087968747877289034562057519005937947691909932216078548125938155,1.693929153306705087968747877290184970756282805487898550918738971564829607043949
3.9995090972036696e-16,6.106976118351766,0.6704124614336756544379446287088923573526322774438308500660647445518467392928909,1.449394487106831407333616261254949617510401022717936538471314798241700734740282e-30,0.670412461433675654437944628707442962865525446036497233804809794934336338270173,1.509134746304451128401109062062132729973955523561194495616961209732614052896219,1.509134746304451128401109062063582124461062354968528111878215965606875495311538
4.489251258218608e-16,5.440752842033074,0.004189185114983717345591300810583722594636671975080850066064744551846739292890933,1.826085269968040623038548160443617753633422154006259657880906836776300051457651e-30,0.004189185114983717345591300808757637324668631352042301905621126798213317138884673,1.344499962148673700307590980211869117886309853089982265618738064300397724821875,1.344499962148673700307590980213695203156277893713020813779181409068721050645252
5.0389626250651505e-16,5.287864700258468,0.1486989566596224725809528744398720145193159647436691499339352554481532607071091,2.300676208483789161160080240745177647771479547821410958310603027809130277730386e-30,0.1486989566596224725809528744421726907277997539048292301746804330959247402549305,1.197825543838552545717307489730674614941631918335432519462414395441988813984113,1.197825543838552545717307489732975291150115707496592599703159116822758317791355
5.655986461065002e-16,5.49616674359064,0.05960308667254980938322348910466660261477827353758085006606474455184673929289093,2.898611090804090012918164442636717706553371357676200691768407968754951691000968e-30,0.05960308667254980938322348910176799152397418352466268562342802684529336793521473,1.06715215609166877962756499530746419409340270935666574711757913164787886435338,1.067152156091668779627564995310362805184206799369583911560215146550169092472919
6.34856521630521e-16,5.5960891284159135,0.1595254714978230787541056789372943758996903829125808500660647445518467392928909,3.65194642546836200620442175269105247397610289207677809861471157329014874691415e-30,0.1595254714978230787541056789336424294742220209063764283133736920778706364008142,0.9507342117631371369169702912319205830003288990240374018775632089926897853291898,0.9507342117631371369169702912355725294257972610302418236302531195722926527093849
7.125950633568396e-16,4.985599622406367,0.4509640345117234665745976807634450077978193827124191499339352554481532607071091,4.601070056208013725490336753873096927182739246125325601894017489238460786430317e-30,0.4509640345117234665745976807680460778540273964379094866878083523753359999532344,0.8470165535974691123563123774983879145667300685548405531318527421417096566504328,0.8470165535974691123563123775029889846229380822803308898857240204711246145764306
7.998527336796724e-16,5.55213717664073,0.1155735197226392280971472947307758450540482930688308500660647445518467392928909,5.796866436620618507056425972564072124907476145568280953983444915018437600636525e-30,0.1155735197226392280971472947249789786174276745617744240935006724269392631473227,0.7546136798187202183217889916192556330770846362447418128913561899532856157839156,0.7546136798187202183217889916250524995137052547517982388639173693108770376041809
8.977951553033332e-16,5.441086732864165,0.004523075946074750026024573427521479133027785256330850066064744551846739292890933,7.303444649506795969234415071804326143750950055174282877557785456196115878700093e-30,0.00452307594607475002602457342021803448352098928709643499426041840809578923771665,0.6722912360461024992477455141478641507058481340658572692435060565152070230519718,0.6722912360461024992477455141551675953553549300350916843153057971065695690683756
1.0077306820944618e-15,5.728871642621728,0.2923079857036376289774003244851611971887528829125808500660647445518467392928909,9.201575425550960610761480520588757965125465093922148561467531565464692089462256e-30,0.2923079857036376289774003244759596217632019223018193695454759865867212741989688,0.5989495262966525294714364917830245855942211447212717939732565316383134550325294,0.5989495262966525294714364917922261610197721053320332744938379981310258017921422
1.1311278765939214e-15,5.300200319550735,0.1363633373673559084078200820918298840490400858374191499339352554481532607071091,1.159302142692641006688317870751467879265956140142643349940996815973969515394118e-29,0.1363633373673559084078200821034229054759664959043023286414499342408128221085355,0.5336088228084290887674648783060492050427746790625063373460572183968993341609006,0.5336088228084290887674648783176422264697010891293895160535603311172338970443468
1.2696351276599729e-15,5.596432552001618,0.1598688950835273509814092695628188967737138204125808500660647445518467392928909,1.460599295116113836231976128126462604466515979286252829427718749764342632618578e-29,0.1598688950835273509814092695482129038225526820502610887848001185071815795000284,0.4753962784469587113366297077519026069958748024996827973559300959887380421678798,0.475396278446958711336629707766508599947035940862002558637176360926397135998701
1.4251026703029963e-15,5.297524679990905,0.1390389769271858760031258706553943037954390116186691499339352554481532607071091,1.840202154667534987650888486432057844443825740215293423816462870327752767485993e-29,0.139038976927185876003125870673796325342114361495178034798255833892591518109262,0.4235342668656645743715680164797969557230924922356738478392100395418266401587829,0.4235342668656645743715680164981989772697678421121827327035014741251681553709441
1.5996073018614846e-15,5.274854007813124,0.1617096491049666134027697106908179402319014139624191499339352554481532607071091,2.31846200485385937418048007894500995284735333845855379664738654272757125391689e-29,0.1617096491049666134027697107140025602804400077042239507233853549766267940916946,0.3773299946634942507677436718224881033171806505113359947615515422864859382066159,0.3773299946634942507677436718456727233657192442531407955509553633195974851499234
1.795480124687834e-15,5.317751993181416,0.1188116637366748001010031865994549870458662577124191499339352554481532607071091,2.921019331662589519430438741901413526926524138400862545165774794397681416872454e-29,0.1188116637366748001010031866286651803624921529067235373529493907174185020911177,0.3361662467748118798725552877166351567197256370809260074936629291884753289862827,0.336166246774811879872555287745845350036351532275230394912603609997645718337279
2.015337685941735e-15,5.398691106320674,0.03787255059741607746092397329314719438229203896241914993393525544815326070710907,3.680178462309679206990094257595921152321581839180001241976352512740235228692841e-29,0.03787255059741607746092397332994897900538883103232009250989446697136907909890908,0.2994931414647948652724249070982018983920187014752287522175220688309863722097653,0.2994931414647948652724249071350036830151154935451296947933646971711888299316201
2.2621169304690262e-15,5.398683466086166,0.03788019083192424354921370005152295827541948036866914993393525544815326070710907,4.636639466106923723518814405657326549642654981553008352336588357484516920793306e-29,0.03788019083192424354921370009788935293648871760385729399050852094457981052263915,0.2668207847902603659815349480745125517446466412582541777477977779757062567176477,0.266820784790260365981534948120878946405715878493442321804185977152697501515198
2.539114433680347e-15,5.334427121819148,0.1021365350989421166001315422440982937780439920874191499339352554481532607071091,5.841680168186163132669037303309051142894477508955568578232198705187015650762728e-29,0.1021365350989421166001315423025150954599056234141095229670257668770980357966648,0.2377127264013127339580604520828405840582150820608843672620189384810944118691177,0.2377127264013127339580604521412573857400767133875747402948156887706891063068821
2.8500304385181053e-15,5.5315784479391175,0.09501479102102698923216537613504458666171430869383085006606474455184673929289093,7.359905258286600565595508826770042158294661585355160995004237147932608396882078e-29,0.09501479102102698923216537606144553407884830303787576179836432296890012343933932,0.2117801292637829798412069946774445771465132174812197448191408480689678574482143,0.2117801292637829798412069947510436297293792231371748330863749685239777448344215
3.1990182847750606e-15,5.344587950809296,0.09197570610879453092922033002517293691311479286866914993393525544815326070710907,9.272709879934068016206749012830120197718611606626986951788746061041540346308421e-29,0.09197570610879453092922033011790003571245547303073664006223645742533937677337894,0.1886765754192996790602463106490284032547716576060884567251615102452374289211121,0.1886765754192996790602463107417555020541123377681559468527225389305899604975866
3.5907398910610476e-15,5.379916455816959,0.05664720110113148401852724683388243913326860146241914993393525544815326070710907,1.168264339009221341331368612322862938539041340756901511162475070795988768535414e-28,0.05664720110113148401852724695070887303419073559555601116622154930205739478279922,0.1680934383962647016870420530228298852029143235540372910574851968061337207585748,0.1680934383962647016870420531396563191038364576871741522885965862102958707788926
4.0304280305680586e-15,5.399022415886212,0.03754124103187834784977296559057306050930619911866914993393525544815326070710907,1.471890723934057209106861335625070398553802643614106025217046844360165859935426e-28,0.03754124103187834784977296573776213290271192002935528349644229530353352506851967,0.1497557604545565791120389730234416263408539236361705684694099691632963465493912,0.1497557604545565791120389731706306987342596445468567020300520373383060916472987
4.523956232538058e-15,5.399014775182834,0.03754888173525678987617850262588928937588334755616914993393525544815326070710907,1.854428172514821093701019426434735886256633592566421468186575151220359664264033e-28,0.03754888173525678987617850281133210662736545692627109257740884407381661996375121,0.1334185795905581267037360908656785949654790299314417723092013701518448893751457,0.1334185795905581267037360910511214122169611393015437149497146202008071721879544
5.077917243205404e-15,5.465936975000479,0.02937331808238823291402384447016645670260786338133085006606474455184673929289093,2.336385297561482734829379778448904954307313026036842780255608327537849170218618e-28,0.02937331808238823291402384423652792694645958989839287222117424912111543668920665,0.1188636572371696259464329492782189774452784036801927259057964485861368690367845,0.1188636572371696259464329495118575072014266771631307037459878916848926438433631
5.699711094326076e-15,5.454003575804042,0.01743991888595146597152650164523054361667036338133085006606474455184673929289093,2.943600803507438347783371081337429135502325888787651840200916850225339269454719e-28,0.01743991888595146597152650135087046326592652860299374193232183100161415041412575,0.1058965629461341498304205411808688561592965277660616142985774381166961120708257,0.1058965629461341498304205414752289365100403625443987224248613761443613939131239
6.3976439557484235e-15,5.449037679239174,0.01247402232108345507311840000645149946536421103758085006606474455184673929289093,3.70862875205266490164731861040128331353730048350251205246564907302606495679141e-28,0.01247402232108345507311839963558862426009772087284898902593641319811669094263973,0.0943440771086910379492797485373330421752712393105323202664253791950954229119119,0.0943440771086910379492797489081959173805377294752641812947138103098039342871239
7.181039092537343e-15,5.411167570757576,0.02539608616051432002324274700052212476406694130616914993393525544815326070710907,4.672483851806013728160418801077703820374814827833807466389431170804499273585946e-28,0.02539608616051432002324274746777050994466831412221103004170563748563474349048981,0.08405187701906967687109103610132867935117819661077260049623239063114253180627551,0.08405187701906967687109103656857706453177956942681448058520887013772948852105485
8.060361408861329e-15,5.426901468976516,0.009662187941574207821862203589744079109770066306169149933935255448153260707109067,5.886840340463908947569333535109988138937692555293320518971024258433851054042972e-28,0.009662187941574207821862204178428113156160961063102503444934069341922516236441119,0.07488247537033788621641436095822450809565165556468089446971512932894583147767151,0.07488247537033788621641436154690854214204255032161424795088170182354107766325987
9.047357242349312e-15,5.44843106919882,0.01186741228072978279795877560124624967898725791258085006606474455184673929289093,7.416802346083802803364717745960114408824903102261405881607823945394896898748256e-28,0.01186741228072978279795877485956601507060697757610907547005330366935642906675034,0.06671338364421098687767924010649198694003313434716553495601143496059486938354674,0.06671338364421098687767924084817222154841341468363730950466908266679797441235849
1.0155211276345692e-14,5.422542232053236,0.01402142486485431541142445249400209188137651161866914993393525544815326070710907,9.344394252170052491597677615823999347072232101551869208228933955505641411274563e-28,0.01402142486485431541142445342844151709838176077843691151633519015537647086229599,0.05943547586065348340995433266136442642239840315637384094248851090413228639506768,0.05943547586065348340995433359580385163940365231614160244972205633717975746103291
1.1398722666160526e-14,5.4348585002420045,0.001705156676086017536011625369182932373625046774919149933935255448153260707109067,1.177295819216403101957413884597399671756702045204150753335353307810184673617749e-27,0.001705156676086017536011626546478751590028148732333034531334927204855305911259821,0.05295153082958429906481326162173219634472896620684818070901485546056837591923684,0.05295153082958429906481326279902801556113206816426206518710020434479738030036271
1.2794502732078734e-14,5.449372078498281,0.01280842158019062046504275448703099489535688681883085006606474455184673929289093,1.483269443198572576445951313861806644848736635362367641878807700967463042009382e-27,0.01280842158019062046504275300376155169678431037287953620425809970311010393052329,0.04717493343150947850863865576501685912911041626720647874863145465305988743779066,0.04717493343150947850863865724828630232768299271315779242104616720653991130867478
1.4361196859990774e-14,5.442422501104914,0.005858844186823186168009285294347298148530714943830850066064744551846739292890933,1.868764167183539223187312094513827901527239720481706802281993684161081708182321e-27,0.00585884418682318616800928342558313096499149175651875555223684302460701881118413,0.0420285175782673715665700769409376040819954420997646838200543673189856216726217,0.04202851757826737156657007880970177126553466528707677803325361626987040809606578
1.6119733573881553e-14,5.454783923524821,0.01822026660673052808659720275633860826815962119383085006606474455184673929289093,2.354447149547094662221865286107974367595098683312706995996231210472185800715717e-27,0.01822026660673052808659720040189145872106495897196556395809037695674805598018394,0.03744353539769710733916777088036557210365410738920449609377635331201667220011661,0.03744353539769710733916777323481272165074876961106978172455200351766696050642075
1.809360410738713e-14,5.424221442802233,0.01234221411585718677871538867159854173336625771241914993393525544815326070710907,2.966356845532344603054950641277791300146620581487621490881674921910091093325485e-27,0.01234221411585718677871539163795538726571086076736979121172655559477384219473056,0.03335873887218827176337097897540194275400210629537364576716185002385622145622543,0.03335873887218827176337098194175878828634670935032428628747839333318324300074231
2.030917620904739e-14,5.422875005326541,0.01368865159154915070404369808650683164272905068116914993393525544815326070710907,3.737298981941180157954564183554405263829444184835403478262534672517200279213133e-27,0.01368865159154915070404370182380581358390920863573333348834051927759744554251255,0.02971956166327396241645430506000307104247817574258692606403770661508546506044775,0.02971956166327396241645430879730205298365833369715110841607593542087680346663192
2.279604637318982e-14,5.435192029346192,0.001371627571898526492635412895224201675993210837419149933935255448153260707109067,4.708605339055850307314337254753054230877272172713699648931381610962928269786388e-27,0.001371627571898526492635417603829540731843518151756404686989486325425433420808716,0.02647739019275482815774080924038527639066515813480655714737511379564061951117492,0.02647739019275482815774081394899061544651546544914380999186873171609965220168065
2.558743520168589e-14,5.423672868510121,0.01289078840796904537556967889807294606838823036866914993393525544815326070710907,5.932349631676912005802268757382137085198268547492804404938508728997022540940247e-27,0.01289078840796904537556968483042257774530023617093790731607234064642180819991347,0.02358891424316385252817615875924989807990079335463996158733121735116044747021674,0.02358891424316385252817616469159952975681279915690871593994112201298764110295851
2.872063117797828e-14,5.4350253061982015,0.001538350719889014977628378718263614174467331931169149933935255448153260707109067,7.474139287178803426972371548182323097042396242953080019641914229250618892167574e-27,0.001538350719889014977628386192402901353270758903540698116258352490549503660189087,0.02101554840263673984540467166533486329790736732581615313617003120016251246160786,0.02101554840263673984540467913947415047671079429818769650961523545847585746405235
3.223748878149027e-14,5.427567571000986,0.008996085917104613055119828376091229912382370993669149933935255448153260707109067,9.416632793498855104726830278025664078954086970285543308620794267665593747586186e-27,0.008996085917104613055119837792724023411237475720499427959599334402240230992652376,0.01872291662561621620260987540526713181308386358971283443758700938695385506463236,0.01872291662561621620260988482189992531193896831654310482994555558206072993613065
3.618498759642743e-14,5.43682706645452,0.0002634095364297146251252134711377739938676290063308500660647445518467392928909327,1.186397118925898992512163218750725135327319704805124853700964141417647151742035e-26,0.0002634095364297146251252016071665847348777038846986625588133912786496912416423957,0.01668039302394765346148658552526748616946659978589660460594168904682624654099809,0.01668039302394765346148659738923867542845652490752877999657152334707447656204307
4.0615859883769716e-14,5.439608629059028,0.003044972140937284938342215438269865516084425881330850066064744551846739292890933,1.494736127724364119681437083454382653941959747402522253825172773679706483551668e-26,0.003044972140937284938342200490908588272443229066960015522238205132249265267668394,0.01486069275407052727507136935050781282006503053953925615007269722810375907096797,0.01486069275407052727507138429786909006370622735391007146074835616191359620924763
4.5589294999810685e-14,5.435525578918559,0.001038077999531883871089506018079030510526902243669149933935255448153260707109067,1.883210988869564033865674555742146901649819367976367874971980641112683966281215e-26,0.001038077999531883871089524850188919206167240900414707355404271946346940470787817,0.01323950753521384493646040827135672721936587355666176521751390575688779700915279,0.01323950753521384493646042710346661591500621221340729210950800130339120739990836
5.11717300711461e-14,5.4326841203067575,0.003879536611332957046318754608846414085966355368669149933935255448153260707109067,2.372648631968464853245124741273664605638060791555445853991567091256111989571812e-26,0.003879536611332957046318778335332733770614887819916562670581311828761176261567607,0.0117951809297027737525892221816288617240976138196222201551352862676066774745743,0.01179518092970277375258924590811518140874614627086958443124335102702501764394715
5.743773748826586e-14,5.43535884553902,0.001204811379070425597195410690373885628324753806169149933935255448153260707109067,2.989288807283896730463060490713125571874637099981701553229869673005111158628924e-26,0.0012048113790704255971954405832619584672920584367740570651909741945242605241246,0.01050841904764071952738307979170556976585172197908738755353298237509607145651125,0.01050841904764071952738310968459364260481902660969221776162678790183091486009588
6.447102107323869e-14,5.434788851469602,0.001774805448488803643716367249480593201261765524919149933935255448153260707109067,3.766190852262507159320046097066841572388884102855562733810158351284718908598777e-26,0.001774805448488803643716404911389115826333358725380120602350979336994289262736405,0.009362032811445895601921113086321817449113762534284630342898384514516718708033273,0.009362032811445895601921150748230340074185355734745478908401430259677322515170159
7.23655342286965e-14,5.43716071636666,0.0005970594485692921342766358897917389902055196313308500660647445518467392928909327,4.745006070040357236303652170437873081719139261180831276894618749262332962285295e-26,0.0005970594485692921342765884397310385866331565948091456873339273604541274845781638,0.008340708337308608925100277125101677561253519234597003822539255177818641696012252,0.008340708337308608925100324575162377964825882271118514382907519009511926473091211
8.122673500479703e-14,5.439942449671487,0.003378792753396519605200025663607609275239699318830850066064744551846739292890933,5.978210740752579233168632659509258412960577634655906696832376125446085672740525e-26,0.003378792753396519605199965881500201749447367632504254973480614946070392733823964,0.007430802366233662324597161652777180102126235820459836065791195411579375839202418,0.007430802366233662324597221434884587627918567506786123503489467345894465462972371
9.117299484984902e-14,5.440729990491712,0.004166333573621438607812321689807665351289504006330850066064744551846739292890933,7.531919481937677764857139709361043290376872450803865029914185700800833509379972e-26,0.004166333573621438607812246370612845974511855434933756455631840783122231254240634,0.006620160011954240486201892438863348470559322519819975268299872061273812465775726,0.006620160011954240486201967758058167847336971091216580527022725057405598379884016
1.0233717986325213e-13,5.437356986831916,0.0007933299138255684728270144582622170480668477563308500660647445518467392928909327,9.489429788025717748232138069161196680633102856670434852626197342012479514979821e-26,0.0007933299138255684728269195639643367908893654349501584540979382208181725885424064,0.00589795239112131898974750077755906754377565455710637712178012229586029350100455,0.00589795239112131898974759567185694780095313687848629355544269141259754145874643
1.148684256737555e-13,5.435692405348645,0.0008712515694456306742844598452664494482100077124191499339352554481532607071090673,1.195568777890105664220695349852177745592660102936317472790366222633058481794885e-25,0.0008712515694456306742845794021442384587764297819541351517098147141635543388563463,0.005254531966768158105200321722839704874359591547406627148742608328902178043373969,0.005254531966768158105200441279717493884926013616940381898002380201953540493613823
1.2893412965257156e-13,5.438566687057659,0.002003030139568972662242756170117151740449660256330850066064744551846739292890933,1.506291457542913678085258521174458593536255562746821668211560452867418016435972e-25,0.002003030139568972662242605540971397449081851730478732620205390926290464610724112,0.004681303672669900981348963350753737055768092246248292618362386584380690315875555,0.004681303672669900981349113979899491347135900772098456897114757111659638597929571
1.4472218707411345e-13,5.43902866846623,0.002465011548139872194393844521500957015413039162580850066064744551846739292890933,1.897769494341304199562776698263932651061525497953022237986806673527781118245584e-25,0.002465011548139872194393654744551522884993082884911023672799638399296943990667134,0.004170610097026671709051390062731058539851049794037882452911287589435887490526769,0.004170610097026671709051579839680492670271006071704608513496642145751942588766918
1.6244350109588654e-13,5.437542483588724,0.0009788266706338028815358275928430676492631368188308500660647445518467392928909327,2.390990824264062979382487060150282419992223732361672873063590035512071848337831e-25,0.0009788266706338028815355884937606412429651985701248350378227453294735031256036263,0.003715629191707716205294185351982099278825481608178291690877917321975391484297992,0.003715629191707716205294424451064525685123419856879385449101201740631682129117779
1.8233480008684385e-13,5.4349749543609915,0.001588702557098931516623836531407344338041550681169149933935255448153260707109067,3.012398048741529384437058423596488167760697530665471200798061565357775230344773e-25,0.001588702557098931516624137771212218490979994387011509582752031517906327254229147,0.003310283140616068267227473956698541056125740349384446448109374644949359542989298,0.003310283140616068267227775196503415209064184055218994387313412703399849621305098
2.0466179993919858e-13,5.437690669264495,0.001127012346404820481335788910173666480439894631330850066064744551846739292890933,3.795306076448403666526780214634571914959333731295826675814893878276225965086289e-25,0.001127012346404820481335409379566021640073241953309386608873248618473609710223351,0.002949157169801073659316140255557883890667244741103769060441564060724094279971022,0.002949157169801073659316519786165528731033897419112832708876035425472206198355859
2.297227536071156e-13,5.437959138539299,0.001395481621208882278448597472988855842012160256330850066064744551846739292890933,4.781688203504150918402392904426734159101528296091761406356963171713296862960184e-25,0.001395481621208882278448119304168505426920320017040407392648834399017130116750297,0.002627427214751898502923395263176129761290607022208978780967764640112608300055034,0.002627427214751898502923873431996480176382447261479738790174028721997191068099362
2.578524352884276e-13,5.4363170521299855,0.0002466047881049653607200733936495661703169413061691499339352554481532607071090673,6.024426387483058048861935210386251987468982249922462302115019757439046526051518e-25,0.0002466047881049653607206758362883144761218274996901885591340023463782529533392788,0.002340795478622997518711068633194410713170426354880987439992005188818909121476136,0.002340795478622997518711671075833159018975312548370783061529892840978250408126905
2.894266124716752e-13,5.435526513816372,0.001037143101718496690058075645110714432340867087419149933935255448153260707109067,7.590146357013653905018901898081005044507586063598308860163186906685042724633224e-25,0.001037143101718496690058834659746415797731368977608958034439706206759620537995084,0.002085433020552489471531176379608646716660042899510115119724607063198483150458236,0.002085433020552489471531935394244348082050544789650330072301751919016870621239187
3.248670655878375e-13,5.436509189929472,5.44669886182851665702609430171132055342264624191499339352554481532607071090673e-05,9.562789552974620543018117196851361347916984994294429596590833296215324886564173e-25,5.446698861828516657121722197241066758852827413883507007004714665269015006872638e-05,0.001857928607145573036693632542979402648865282769333298317483105316148889672630648,0.001857928607145573036694588821934700110919584580974262459054213363401050978967807
3.646472223212745e-13,5.435917420534559,0.0006462363835314071376282508104212164846479959936691499339352554481532607071090673,1.204811340034033150782644648300559373611419860813868279628349689676614051892599e-24,0.0006462363835314071376294556217612505177987786383174504933088668680140745753886956,0.001655243143860541950463399145295823799166692882656158561340969528707053416417913,0.001655243143860541950464603956635857832317475527179502443349007825918646282486563
4.092984818452434e-13,5.43639687086613,0.0001667860519608104492485134947217583623945780249191499339352554481532607071090673,1.517936117942775505618841117018142930282065066639707229062761827266682595102129e-24,0.0001667860519608104492500314308397011379001968660361680768655375132199004143381301,0.001474669077573796600184462911597856887849790714280035134362038129828377122891139,0.00147466907757379660018598084771579966335540955519870503099809445244935585978445
4.594173134636467e-13,5.436359586379371,0.0002040705387192481008363965052283883062422342749191499339352554481532607071090673,1.912440546990615975321026913090289974284563584252162803953494441313247708922917e-24,0.0002040705387192481008383089457753789222175553018322402239095400117375128699130208,0.001313794228007128029090040320219094369551421915052776373229957004602278997519475,0.001313794228007128029091952760766084985526742941651021329305870993682531676582459
5.156732244854974e-13,5.43622007905388,0.0003435778642100877628885636190987706152021952124191499339352554481532607071090673,2.409474814217233468030939149458823163019534761283340238057166324421126258871403e-24,0.0003435778642100877628909730939129878486702261515686087570982749829145440473471245,0.001170469564863077886850232554303487069907470515148713687321494780156948973510739,0.001170469564863077886852642029117704303375501453798407142604556832151726256685452
5.78817703770128e-13,5.437010936438608,0.0004472795205178621007567718074553132089555196313308500660647445518467392928909327,3.035685940398339639226414682522102900979698995823162894303775116105175522706276e-24,0.0004472795205178621007537361215149148693162932166483279631637648528509161299966289,0.001042780500222547530275136623899937022434377858935197772612620258568504159872491,0.001042780500222547530278172309840335362073604272824424260045443685498673786577888
6.496942604146125e-13,5.436501052492647,6.26044254431028785924562803573489156782694311691499339352554481532607071090673e-05,3.824646381176620905923602519457552340610549360617925379113060518885049289626578e-24,6.260442544310287859628092673852553658419303368860748627586599751387863248818036e-05,0.000929021312716994855074721758995245062029319396347657783375929228283332677112799,0.0009290213127169948550785464053764216829352429976078885585778689617014885764500724
7.292496916841445e-13,5.436251014623094,0.0003126422949962353310306051830865025487959452124191499339352554481532607071090673,4.818653914880259137910190472012094299744041451110078642240951390270081464264409e-24,0.0003126422949962353310354238370013828079338554028911620282349994896043707857513082,0.0008276723618232331363440146185919707238268389793544891972617238564550491758330004,0.0008276723618232331363488332725068509829647491678276851562582555557916280057461703
8.185467307069021e-13,5.436459227513508,0.0001044294045827292289808819155312657323896952124191499339352554481532607071090673,6.070999312686153200250380479471407405422925289780061150030866214241363269853312e-24,0.0001044294045827292289869529148439518855899455928986213413406783734430407682590982,0.0007373797879002278698686085323720593959574314299078400449925329204575468818820227,0.0007373797879002278698746795316847455491576818072145184215613060724272226219001628
9.187782428863322e-13,5.436934881376413,0.0003712244583222052700753712010465979608476094750808500660647445518467392928909327,7.648823365550132718207959568830794727433706051221692267800563461642018005692856e-24,0.0003712244583222052700677223776810478281294015155120192713373108457955176006231321,0.0006569374267929340309341006196215191712767953060931654377807670505594246768972002,0.0006569374267929340309417494429870693039950032606257072818996695775514950743303729
1.0312831606721867e-12,5.4363383826590175,0.0002252742590729943923301315485603690115034647436691499339352554481532607071090673,9.636716438944944415718747936782861194953950195823373315449104183404408065862431e-24,0.0002252742590729943923397682649993139559191834916059327951302093983490840804245164,0.0005852706974112417569886917938212000306931609144531854331822755640553513001848131,0.0005852706974112417569983285102601449751088796543956849775944903511419339245058609
1.157564369553306e-12,5.43638549501028,0.0001781619078101264459414077541894793478071756811691499339352554481532607071090673,1.214125353487643637099010190605477803817664448056399474565722821258155397565472e-23,0.0001781619078101264459535490077243557841781657830752047119734320926338247018547245,0.0005214222470479085737891011359861464957237943856519714684351571121864257760891608,0.0005214222470479085738012423895210229320947844748684116560976479954715149137255702
1.299308784200417e-12,5.4368346823978,0.0002710254797092965521974993784808039697587422875808500660647445518467392928909327,1.529670799510298499979532805877303882624584769025725458997868693529920827542781e-23,0.000271025479709296552182202670485700984758946959522077027238498704156482038300954,0.0004645391626798844478439443794041551775128255298163996075714896399240060902431099,0.000464539162679884447859241087399258162512620837732489172292440637400517993175102
1.4584098829439863e-12,5.436432378017976,0.0001312789001145069629396156492746949163496561499191499339352554481532607071090673,1.927225016883967006077756126793315027784762928358197962302313202387470374574891e-23,0.0001312789001145069629588878994435345864104337111870830842131030774368426867320904,0.0004138615774165474046726522735369202673382864194779321080825442327780945376231098,0.0004138615774165474046919245237057599373990639487726564072645545155801366841536854
1.6369930016117018e-12,5.43652157134038,4.20855777101940826591298068977475133955545874191499339352554481532607071090673e-05,2.428101698020548967922954480149493130512558608976204763230113975427963816667057e-23,4.208557771019408268341082387795300307478413222064486524038103424302275474136844e-05,0.000368712519895213833363308007719231896521701668739881284360958765899635447121934,0.0003687125198952138333875890246994373862009311627891472214505429429492122208106561
1.8374437246107247e-12,5.4364226277888585,0.0001410291292319292561964383899338126150190897436691499339352554481532607071090673,3.059153863342173392793392010078009380781974406602697078121545214733859335679144e-23,0.0001410291292319292562270299285672343489470236637699300277430751922192876778902827,0.0003284888710281198006408347949791181721444184714098416758457389865682838505976223,0.0003284888710281198006714263336125399060723523109497759728760813188267617789722765
2.0624397525140883e-12,5.436456680311097,0.0001069766069935034475869751154549002615034647436691499339352554481532607071090673,3.854213506473214464535502495773123686092600704824316942671736615529468127100125e-23,0.0001069766069935034476255172505196324061488197686268811707961814552015038765357847,0.0002926533072974976143704016600873026664228458719877375111106229044898285489595743,0.000292653307297497614408943795152034811068200769068329081221914760185138335959797
2.314986671851166e-12,5.436623201675545,5.95447574542213591362970796309828790605001000808500660647445518467392928909327e-05,4.855905396419452172597319776812324516302512048139804442235467911907527921415289e-23,5.954475745422135908773802566678835733452690231272682090171943136534124846857802e-05,0.0002607271229740736589824236355220142940204509089899493266058655716587238818022747,0.0002607271229740736590309826894862088157464239037740710060382331579158751103848823
2.5984581049292524e-12,5.43648471319691,7.89437211808468315334020267344593969404764624191499339352554481532607071090673e-05,6.117932278368249586903929392732820644380139980574549364264827102263471956635127e-23,7.894372118084683159458134951814189280951575634647814037905684795900620075171557e-05,0.0002322838353753307668814024191173300029032550446513469860913253767525789850038054,0.0002322838353753307669425817419010124987722940163748395498989195632588291306360271
2.9166407760237067e-12,5.436537612944806,2.60439732840516409063847354717135397017069311691499339352554481532607071090673e-05,7.707953987385921474711383725041979659021585707080517331862471967579079448787324e-23,2.604397328405164098346427534557275444882076841956973052547130522406588042769202e-05,0.0002069434877400117905702862148938888776435824552592909257885622493800254473139834,0.0002069434877400117906473657547677480923906957810639273008251977879870121330387169
3.273785095948577e-12,5.436651727384889,8.80704667981952742471340493195176156938008813308500660647445518467392928909327e-05,9.711214830168863836233401409709361577184764498584069595733926214569177088310309e-23,8.807046679819527415002190101782897733146686723375645029289690686089859693359344e-05,0.0001843675736144169725712955208503667954771560416455135620487668200834575797717312,0.0001843675736144169726684076691520554338394892439062463288838062507408523949491558
3.674661940736688e-12,5.436514549444527,4.91074735634149657138758889503359762251444311691499339352554481532607071090673e-05,1.223511370618277436712346275778518537275005244457391490122342980665085831128123e-22,4.910747356341496583622702601216371989637905874700178766275597259899985612130159e-05,0.0001642545149484080514481512463799705562099331219296447966106908881095066635366328,0.0001642545149484080515705023834417982998811664608503248437093355747527321156561316
4.124626382901348e-12,5.4365749720088985,1.13150908080279226729336109839797052323751000808500660647445518467392928909327e-05,1.541496198170487858335311597043174833124228589222110677025348082837273742996872e-22,1.13150908080279225187839911669309193988439403765325827523216929245282251883979e-05,0.0001463356334957324766196930227149265200848589355691046337094796836444884168573184,0.0001463356334957324767738426425319753059183880497413585960765998491806131896704161
4.629689226627258e-12,5.43657315093872,9.494020629818384246916222282540801423781350080850066064744551846739292890932703e-06,1.942123780813982757016929033168211991564512514969619522318121911190379925829033e-22,9.494020629818384052703844201142525722088446764028866908293300349777340659120512e-06,0.0001303715617030281800864642544621346016525809272145984709742472875085633767289525,0.0001303715617030281802806766325435328773542705835845090141139055456267913786317983
5.196597302486208e-12,5.4365192401786055,4.44167394849208914032923608190894094526834936691499339352554481532607071090673e-05,2.446872580340978602830662138967444257501739645326326440000728508215230468842319e-22,4.441673948492089164797961885318726973574970756589435968542941268589335110914015e-05,0.0001161490451427340321833766692829279312842867476902538087631736385082560061166315,0.0001161490451427340324280639273170257915673478075909164171070995970260063196872047
5.832923594286212e-12,5.436528637923813,3.50189942771144397860761351055979696333475561691499339352554481532607071090673e-05,3.082803209337729386401218501714452961384818268466750748786987787960586134058606e-22,3.501899427711444009435645603937090827346940634059523007373727499993578198776608e-05,0.000103478093775535187658334104443493854958406298766131971329949918896707224078368,0.0001034780937755351879666144253772667935985199678134805935882712160533014386242714
6.547168402004743e-12,5.436612305924235,4.86490061441408887609005355172276529252461938308500660647445518467392928909327e-05,3.884009205815955881278038856480152970299302733818865676847534645191860642662516e-22,4.864900614414088837249961493563206479744230818283476903481427846485272520617924e-05,9.218944398776489061971204652915008886642971962354003824013610427396036910361446e-05,9.218944398776489100811296711074567699422061907784802907322237823568206429718683e-05
7.348872892180388e-12,5.4365460323409,1.76245771908561106223923239029526678144998999191499339352554481532607071090673e-05,4.8934448573199317942489056342183738063356655316415596235268990185688128918621e-22,1.76245771908561111117368096349458472393904633409873145688220013174166694617572e-05,8.213229750065797206082540265955343878501295811037843150404114552412283178576046e-05,8.213229750065797255016988839154661820988290807799963151532211944349319009126562e-05
8.248746552614581e-12,5.436558664814325,4.992103765322691391177530503976341825730368669149933935255448153260707109067297e-06,6.165228067887735953373440238766398186171163656704564876047145517795322912905643e-22,4.992103765322692007700337292749937163074392545789752552371813823717194713781848e-06,7.317230694689794691560019881323674441023212948506165078628950106308282426579098e-05,7.317230694689794753212300560201033974754343288145147033508605133384287457893601e-05
9.258810253973946e-12,5.436571037544528,7.380626437724719277482191928517821687453225080850066064744551846739292890932703e-06,7.767541729261110331928816673024988213219522353203357409379964127539813830520088e-22,7.380626437724718500728019002406788494571557778351244742792316526403551952936291e-06,6.518978120499010955550178635893349172738417284051220779920731503450930053886107e-05,6.518978120499011033225595928504452492021390174314060935805937771609645096486589e-05
1.039255682936711e-11,5.436575116657769,1.14597396786870480232911099575877222001485375808500660647445518467392928909327e-05,9.786289144771882611458494063938982296188106316393826167072560695104327389850428e-22,1.145973967868704704466219548039946105429913118695183644593392020735667618367663e-05,5.807808651760217786335598115369714175643901315963145028492328988430585466129904e-05,5.807808651760217884198489563088540290220597585586727483406493389853885892251092e-05
1.1665131316981985e-11,5.436557711126205,5.945791885797940370523891515243050199753806169149933935255448153260707109067297e-06,1.232969948063491502121616098865655554629909900092088229475029703118630586580684e-21,5.945791885797941603493839578734552321369905034805488565165348245348936584097e-06,5.174222203537432941025837054858311697886009625891552714250417372784211934354182e-05,5.174222203537433064322831861207461910034532926614633646990450392708212707378546e-05
1.3093533273536121e-11,5.436555900808964,7.756109126800164279687040588963028532273337419149933935255448153260707109067297e-06,1.553413015228371341239797384417711495672529315011012065362611777599360408543497e-21,7.756109126800165833100055817334369772070721836861429607784763164272772471679074e-06,4.609755075774698713400575523674458890328368771917833355885597824335073689627474e-05,4.609755075774698868741877046511593014287334403411388187172089815074883880697429e-05
1.4696843861124475e-11,5.436577498626972,1.38417088819004778875542719744563135087422875808500660647445518467392928909327e-05,1.957137722351557776877593664662116302221126060048910046408328299433822261777631e-21,1.38417088819004759304165496228985366311486229187337638436184917978292464826044e-05,4.106866891820539150440829461353344089450317463060348425784929548311162080966079e-05,4.106866891820539346154601696509121777176710497391188590457431509379105822619462e-05
1.6496480740980207e-11,5.436569255382953,5.598464862965419239642043494474891084425881330850066064744551846739292890932703e-06,2.465788574385240055934449438547765364875807809242205835292688945068171835684571e-21,5.598464862965416773853469109234835149976442783084701188936742604533457598243758e-06,3.658839871074321255857001826982391976697787876549542963199256459405094736831031e-05,3.658839871074321502435859265506397570090391812197766239849354596954437248773791e-05
1.8516484179121542e-11,5.436580895142316,1.72382242255459676803885408573269876420430688308500660647445518467392928909327e-05,3.106635380908893369729082385106319577971092579558603391391483020437699796847111e-21,1.723822422554596457375315994843361791296068372453048809365197228813590149944968e-05,3.259689090198090864139744529870467737242816063604875140113273295209883267558865e-05,3.25968909019809117480328262075980471006797353055710755603047239750259831347809e-05
2.0783838185797552e-11,5.436556194862403,7.462055687424334440422997913467880827195212419149933935255448153260707109067297e-06,3.914035246238065650291388994390249049526163944485340727085805489135774621288855e-21,7.462055687424338354458244151533531118584206809398983461419392638601434194872786e-06,2.90408253412755706530298087096528324065004673722364574215291804110142556006921e-05,2.904082534127557456706505494771848269657068635475306441182607370164570642349453e-05
2.3328830978641536e-11,5.436567731354635,4.074436544309695715653189354431632417433693830850066064744551846739292890932703e-06,4.931274523858630827461719624587301392485237244019863625525847546886450946212786e-21,4.074436544309690784378665495800804955714069243548673579507307826875667365085157e-06,2.587269868891765373349550224416013318374385713861585822993333486963307271001766e-05,2.587269868891765866477002610279096064337014189891133688537454512958525615950735e-05
2.618545958474238e-11,5.436575785514553,1.21285964628676528141814664833664926469258813308500660647445518467392928909327e-05,6.212889486120453829546976344715051599959494297457583419140948038585445549000436e-21,1.212859646286764660129198036291266309994953661579846610525025438915587374998466e-05,2.305018984760425784821996309416534587036732962735241420687740210996796448807341e-05,2.305018984760426406110944921461917541402084044238161703502619876849087938757211e-05
2.9391883986468905e-11,5.436563620562147,3.635594343401281860033898721933041215614991914993393525544815326070710906729651e-08,7.827590125025526138874973048745401773779551831993553892765010106162505965388235e-21,3.635594343402064619046401274546928712919866455170771480728014681459987407740267e-08,2.053559462037035465549576707371128011648929453161217257898034647227909638861355e-05,2.053559462037036248308589209923741898618788903661951887407311318652922012386871e-05
3.299093687770942e-11,5.436566365831155,2.708913064241675225800546713960173982375100080850066064744551846739292890932703e-06,9.861943835034633980810386507130802662935144424478948299769268042884967954838559e-21,2.708913064241665363856711679326193171988592950047403129600127367790993121664661e-06,1.829532204291214625639909733418874966090044735979612233132523427478500715142709e-05,1.829532204291215611834293236882273046291462280894981202316946123516060484492975e-05
3.703069584005141e-11,5.436560752320559,2.904597531672630896921790308463570219285056169149933935255448153260707109067297e-06,1.242501646763990232050166827637571298851835127868361076083541276671208407116853e-20,2.904597531672643321938257948365890720953332544862922453606726836871467944480063e-06,1.62994456621110715356822780108777766688875098059464457837551750247589122512602e-05,1.629944566211108396069874565078009715726608177002322136477404870691890178260542e-05
4.156512558225988e-11,5.436569302804676,5.645886585514209752161233582389357942336037580850066064744551846739292890932703e-06,1.565421957410494859646179906185805090546269604902120085767821231234015952413484e-20,5.645886585514194097941659477440761480536975722799160602048502825538435212720391e-06,1.452130376655688735615190964874617080618872718899720736563051944778966910223777e-05,1.452130376655690301037148375369476724689256132980630905042803757734617756666111e-05
4.665479882234468e-11,5.436568213720273,4.556802182408920440663761355769637483351662580850066064744551846739292890932703e-06,1.972267731898128525989457087013143693983845721699403573826807705013688393046739e-20,4.556802182408900717986442374484377588780792449413126226287334852703554622855653e-06,1.293714322879052013504403103314419460765043766163744868031511681438697386765684e-05,1.293714322879053985772135001442945446873609106751309242719928288777141674750513e-05
5.2367705442046446e-11,5.436557491235125,6.165682965364932091163526392686363798386618669149933935255448153260707109067297e-06,2.484850801965958193985031890372998835579051211818003659537999828504460881296549e-20,6.165682965364956939671546052268303648705522399138289725767566333297302489065582e-06,1.152580220156946962707648209380550275477733549767891164694739431673398837372549e-05,1.152580220156949447558450175338744255194394553418091730004532949221311025630032e-05
5.878016072274923e-11,5.436561052949351,2.603968739590039707239073804724213224656149919149933935255448153260707109067297e-06,3.130651791422118810567820859669770285779108013316018892763155488102790783057621e-20,2.603968739590071013756988025912318902864746616852791726335581313449634740622178e-06,1.026842742948611193275779089094638372772819130777438984643906480390526384111813e-05,1.026842742948614323927570511213448932156623284278500509146143499104693747392634e-05
6.597782479539547e-11,5.436563455450077,2.014680132283170800500634230256048262186499191499339352554481532607071090672965e-07,3.944293408433267284323207313125554281119418939681344551565985529443142996324092e-20,2.014680132283565229841477556984480582917811746927451294448449667062227689225909e-07,9.148222399675165811498932856956511556600907172588922181349903361795453030383013e-06,9.14822239967520525443301718962935465474960951241171790036768740768721397173549e-06
7.405684692262442e-11,5.436561574648159,2.082269931880569959887824124801155668503806169149933935255448153260707109067297e-06,4.969396639523120146031759957494289060981045471592969087281281379149130309437516e-20,2.082269931880619653854219356002615986103381112040543745710164082951579921881088e-06,8.150222967306569595997814267911863936464231854809356100747268962159776686861581e-06,8.150222967306619289964209499113324041480724633358305559524558724411333705149432e-06
8.312514989890632e-11,5.436561022213402,2.634704688487171200379551491844650846726462419149933935255448153260707109067297e-06,6.260919359625649755661020576863615718827068715528728884108677248414489724500231e-20,2.634704688487233809573147748342207456932231055307122205942603440549548195839781e-06,7.261097458580603776715692866271485322128019100422099304251197345992758197709933e-06,7.261097458580666385909289122769041594892984827270208145007548737517940539158821e-06
9.330387172620361e-11,5.436563916069405,2.591513143408168494507585548281701981954125808500660647445518467392928909327035e-07,7.888102735847813663190199558713696946681910994089119446130705650194300694819439e-20,2.591513143407379684234000766915382961998254438805992456346109555448315838762015e-07,6.468968580920850577204693979292103561936377189848738723178254262092962639474643e-06,6.468968580920929458232052457428734928299992540594299548875870158467827512193089e-06
1.0472898382363574e-10,5.4365624962479915,1.160670098987931044960449553239342314011618669149933935255448153260707109067297e-06,9.938183387656683363005559210207708761401535859861614429228840761235728856842159e-20,1.160670098988030426794326120072972369603720746237547950614046769404999397474909e-06,5.763254761370668724384913233795869371609116624558582616958547035076374120269799e-06,5.763254761370768106218789800629498576973247673773715949847137186403373687192996e-06
1.1755310738783675e-10,5.436562242321998,1.414596092109060112691539443242546659714743669149933935255448153260707109067297e-06,1.252107031996962912677227864525026591559342340990512959476121091677433143175516e-19,1.414596092109185323394739139533814382501196171809089869489547204556654721176464e-06,5.134528793728280334190224743616722061254621680689293825318055960030274749555807e-06,5.134528793728405544893424439907988434443513179867585967610926086048409402496059e-06
1.3194755216767086e-10,5.436563889886654,2.329685632624649648069784872651132523946313308500660647445518467392928909327035e-07,1.57752373690693163135729643305178181630150156852533993424538523583203587320806e-19,2.329685632623072124332877941019775227513261526684359145876993127458683524091203e-07,4.574391906172599653306339282389801172638433940339556997322606986480118776011015e-06,4.574391906172757405680029975552934760016795206362938365315562780668980296847631e-06
1.481046048880677e-10,5.436565375085569,1.718167478225813180485685252439978975050881330850066064744551846739292890932703e-06,1.987514706738606406714008083213223078884842576947904538843375552751694249615411e-19,1.718167478225614429015011391799307574242560008542177580486857056285408553377428e-06,4.075361567125107321913799623951059714215712833585116442046540029596273049882001e-06,4.075361567125306073384473484591727714529529332870295542270594225865095566828242e-06
1.6624009789266135e-10,5.436564741306985,1.084388894833727032689322613966468232863381330850066064744551846739292890932703e-06,2.504060393568135570087133698509240681994148511658893292711658209076963285177983e-19,1.084388894833476626649965800409459519493530406781866649893385957410021725111796e-06,3.630771530613525832393852944162971760321692284212804081354548882918909637305373e-06,3.630771530613776238433209757719975075963820410931359675818731915797600834788578e-06
1.865962923181746e-10,5.436563167336324,4.895817665278296894238415278077093184061499191499339352554481532607071090672965e-07,3.15485386517004804331856085455334500027946181848323177266858433337316366003328e-19,4.895817665281451748103585326120411744916052536499618814372964764379739675006338e-07,3.23468278590384067754331615285918443065944574954461957229928798880424513143599e-06,3.234682785904156162929833157663507718736769286927245301704715949273665315639545e-06
2.0944511431514686e-10,5.436564300931,6.440129093782947043810886227011712968282250808500660647445518467392928909327035e-07,3.974785486861128549575819633737493756889028683992933587511866335146839711418064e-19,6.440129093778972258324025098462137148648513314743771618761525533805417042991888e-07,2.881804221830110873256636925468441634223288929644580006273085386956733045159597e-06,2.881804221830508351805323038323385615877955648369992240402492399557092632627169e-06
2.350917875457284e-10,5.436563411366013,2.455520776272475026625293410897222578592749191499339352554481532607071090672965e-07,5.007813465144538360152870862790000137859936821991387359744634029725040134749685e-19,2.45552077627748284009043794925737544945553919163719928937647291996681572470269e-07,2.567421946024704410657582432323973831504433538438432126893011993225516352226837e-06,2.567421946025205192004096886159967530329580982187730934036758017165761696810595e-06
2.638789104828929e-10,5.436563462437966,1.944801247382439336642242140650716841288061691499339352554481532607071090672965e-07,6.309320536813950318756403536660820608142138810728735399153423494013307754314525e-19,1.944801247388748657179056090969473244824722512107481491365210268006224514166978e-07,2.287336314867080168134223831497347232257035398788611479669770609127401860561431e-06,2.287336314867711100187905226529188604784233443540675967867513829400159893190434e-06
2.9619103297725595e-10,5.436563907846743,2.509286526781455782630395971655878007344750808500660647445518467392928909327035e-07,7.949083150427139149454978632163664332439206257279848803178561478500766792606466e-19,2.509286526773506699479968832506423028712587144168221441188238618589750347848534e-07,2.037805832972088574318147948221009003219551318915190487548553144387134774514458e-06,2.037805832972883482633190662135900106524369137527889789308229455928219562895274e-06
3.324597932270945e-10,5.436564433077934,7.761598436623888906770766608834299027852563308500660647445518467392928909327035e-07,1.001501232402316002844909895115078711554795746964154374755110165545838348266649e-18,7.761598436613873894446743448805849928901412521385112689975876923645377807671577e-07,1.815497172804865998925457120717934698684473798961981734478580037315121950035884e-06,1.815497172805867500157859436720693266132800409267106868236881798101458670757172e-06
3.7316968377327555e-10,5.436564183106226,5.261881354407809217965145491480859696797875808500660647445518467392928909327035e-07,1.261786673409576586964990268994383653978675010777602541363316886385888310086656e-18,5.261881354395191351231049725611209794107931971960873897337742441979295740463176e-07,1.617440646764311572276086651935792417133491545519925491768841229466101517118046e-06,1.617440646765573358949496228522620352918785616155361202362230622381632531691454e-06
4.188645235435271e-10,5.436563434806945,2.221111457650077804127327270388570845194311691499339352554481532607071090672965e-07,1.589719071413420108532949152519034442768597563966968786041913268714617604997454e-18,2.221111457665974994841461471473900336719502035927025328194151220467490223360111e-07,1.440990536913681354647617015594575047211657857419347162886283336978520048351899e-06,1.440990536915271073719030435702890444833023525400163516097538722564611099724501e-06
4.70154722402213e-10,5.436563615519202,4.139888816248559435089967321157131791786866914993393525544815326070710906729651e-08,2.002879551094461458624272546521182952547910151029646733147810323972994976521568e-18,4.13988881644884739019941346701955904643898521024818454064777999938549193912695e-08,1.283789752426911833382957256317366557231186195026973882341241533977518455479901e-06,1.283789752428914712934051717775645502376302077726557590411161326815166008543956e-06
5.277254352483533e-10,5.436563435220012,2.216980788510010037706784076571432173319311691499339352554481532607071090672965e-07,2.52341848841613364449063934845538326218238464892660080405570018046244305721131e-18,2.21698078853524422259094541301633856680386552412116319904374754064762809247759e-07,1.1437383426308214339811819746876222826189841596936020941597719007131888566022e-06,1.143738342633344852469598108331564771313067593330803942489512623808890488530463e-06
5.923457145875794e-10,5.436563544522561,1.123955296171981112119360930800405561991186691499339352554481532607071090672965e-07,3.17924303745614881810104361518317808977353488995777588297588626817469391530851e-18,1.123955296203773542493922418981415998143018472397074701454059291436829953354712e-07,1.018965445027863112608386228283311082257137362603715957235884519574790388535126e-06,1.018965445031042355645842377100542026544362071010082679963486754749179327987143e-06
6.648787838417277e-10,5.436563770373909,1.134558186728089700200975768685373246602563308500660647445518467392928909327035e-07,4.005513289853749410366460344587730275482521131782724750548330213623868877460755e-18,1.134558186688034567302438274581708643156686005745835436127691219887445607190796e-07,9.078042935699399858710102767989933109536332560718806523916239631890350424102228e-07,9.078042935739454991608640262079786312147867730644107844099316414616607614638387e-07
7.462935686310145e-10,5.4365633933471695,2.635709209335696991028349019169775068827124191499339352554481532607071090672965e-07,5.046527279031957730925455799846411495336908698511521103065690600795468268688932e-18,2.63570920938616226381866859647902962682558830645270843953959674363772799668092e-07,8.087699533338800433233084052872098790336316064470123392797828420727385612388476e-07,8.087699533389265706023403630159430013046792430873356433938291569801598897231061e-07
8.376776400682924e-10,5.43656360838863,4.852946073932672645506366263627682328896241914993393525544815326070710906729651e-08,6.358095888116143787275064853932875853556775176669203732904235189564226514176245e-18,4.852946074568482234317980642355188814289529500349071043211735699361134425686073e-08,7.205394841694390192629022580180413335410351611442595432435817303044068820821341e-07,7.205394841757971151510184018018364282173273102525449151660260367998282621091231e-07
9.402517429670131e-10,5.436563563068427,9.384966344108635296189143429994259477333741914993393525544815326070710906729651e-08,8.010534985205499475139728496113825994423775149585307360731561590182657051658193e-18,9.384966344909688794709693377508232326945124514435771040503346062143867065747916e-08,6.419342683380229825180631351149916404183108855673648027366321018178338593852207e-07,6.419342683460335175032686345846074865862169883929618657153194152032512882303279e-07
1.055386103036523e-9,5.436563387524116,2.693939740843471676479644245982137739725561691499339352554481532607071090672965e-07,1.009243520047225751956569631188122929813092002718797727940217109144640708867917e-17,2.693939740944396028484366821177794702844373984480648552826361305401092801587429e-07,5.719042660676315409307654393656372920994116362273652628720160683278268163351092e-07,5.719042660777239761312376968764347305187576168877045212267990575259402483754341e-07
1.1846187309026825e-9,5.436563348118882,3.087992087152098187497436172842947065897436691499339352554481532607071090672965e-07,1.271541145052729500403523600124408468606148475268764574874617393323041200472367e-17,3.087992087279252302002709122883299425909877538359954200081357990094532830005269e-07,5.095139887034802143031901793834500760238478870363876016255759092746442941572705e-07,5.095139887161956257537174743735671396416205250880462201335399341701834115169554e-07
1.3296759674662099e-9,5.436563588088511,6.882957965850765815312891374826107621864991914993393525544815326070710906729651e-08,1.602008684174013514446598786677673364773475754639571187266929256889155334270167e-17,6.882957967452774499486904889272706408542665279766869280184386513337640163618806e-08,4.539300020780580019198598877688538851780081601715981468276619021195319065454712e-07,4.539300020940780887616000228912270554212356975804299767495252358338578817723481e-07
1.492495545051832e-9,5.4365636244349185,3.248317199713811844313434432744656205849366914993393525544815326070710906729651e-08,2.018363176177479111032766520532440889761033828198756953260625079159459254600683e-17,3.24831720173217502049091354377742272638180780475442735374357227933133598588911e-08,4.04409793165660029462409883537501334693953095136791964966378042892981715751492e-07,4.044097931858436612241846746127602726914546216521366999157653320043261295944897e-07
1.6752524724082173e-9,5.436563496429089,1.604890010447330618470992065548864424295874191499339352554481532607071090672965e-07,2.542926234541376298377881944057675270203286275614013660030547576244020784707458e-17,1.604890010701623241925129695386652618701641718519667980115882898610125848297367e-07,3.602918512977446136655799220006431173382215865049559250959142176921312765513004e-07,3.602918513231738760109936849287560797146549632701544251451315722238896436506702e-07
1.8803880893409165e-9,5.436563608221069,4.869702181545209298102102349996243119911866914993393525544815326070710906729651e-08,3.203820754679765761142257194268860252807357316411360629931921608337859904633884e-17,4.869702184749030052781868111138500314180727167800750841956175956002632515067511e-08,3.209868314400127673460217969400099189492517346776529329332149734079239867945235e-07,3.209868314720509748928194544630720658236930559529559828806997453879476117800906e-07
2.110642679101555e-9,5.436563740157231,8.323914062421989599633113373518313764853758085006606474455184673929289093270349e-08,4.036478639722734082818114659863392015355771938013825379055062143584872057856808e-17,8.323914058385510959910379290700199104990366069650834536441359294874226949685477e-08,2.859696814867822564736955795274979328733780822245777067615047202896607116163885e-07,2.859696815271470428709229202154213859769716180862072392923360423204232331548345e-07
2.369092074182632e-9,5.436563599844557,5.707353374398381986148572634458218217568116914993393525544815326070710906729651e-08,5.085540377107162100032450684948258354544355714146273764275940229553873299094815e-17,5.707353379483922363255734734490668902516375269537749239691089090346651136283524e-08,2.54772628405894003342651441457851516491142472880997262687955822906663085330662e-07,2.547726284567494071137230622355399216089462774511543644213288930590750816271148e-07
2.659188744512691e-9,5.436563552307877,1.046102132256361195894974387764898359842749191499339352554481532607071090672965e-07,6.407248306153247240577442786819190106446303085441563040049887243112448201065816e-17,1.04610213289708602651029911182264263852466820214396966109863783661205981498421e-07,2.269789295402908073649029080782095936080796463132423112820196179675722901939958e-07,2.269789296043632904264353801305856975830362490282917483597342367208491060426731e-07
2.984807916924321e-9,5.436563760684862,1.037667717746775329734113894820245683126000808500660647445518467392928909327035e-07,8.072461884582654888934636433777321943038115067947721624141617886097211076964099e-17,1.037667716939529141275848405926782039748268614196849140650746304978767120717314e-07,2.022173055936664440005307231614535267393185782879126456479841172787029219338538e-07,2.022173056743910628463572714898379699908786588052102661914075799662047650431857e-07
3.3502993419772366e-9,5.436563695361453,3.844336287037220843293786872625674604697508085006606474455184673929289093270349e-08,1.017045660856610564446559135578994770289561438739819840600352607682647260271742e-16,3.844336276866764234727681228160083248907560382110992087056986267925763016443877e-08,1.801569809337894735287802454306393144674006646916182442498107754840979647133615e-07,1.801569810354940396144413009848601137834822008156374992784971444393050483553102e-07
3.7605453996581755e-9,5.436563691950503,3.503241223731846419204109240770663618369383085006606474455184673929289093270349e-08,1.281371025415164930701755620031652639343919248238123206675117948211263558469746e-16,3.503241210918136165052459933753107418052856691567413992073952607178109611157714e-08,1.605032649599029917839271920962482117239307634848694447654911594405289905704319e-07,1.605032650880400943254436837530039623795610068258245055282860168451267271298988e-07
4.221026320156903e-9,5.436563704128147,4.721005690774871852872044671774234175010008085006606474455184673929289093270349e-08,1.614393304023936591299388115969066846036428489833608522053190481777355791419015e-16,4.721005674630938812632678758780353015319339624642321576119099453397384275496791e-08,1.429936155083354961352021612484546690229341626730794550856013867481843211022155e-07,1.429936156697748265375958181348211740506658203243919082089237796082896168131567e-07
4.7378933909631435e-9,5.436563690529481,3.361139071464448222931557227373446821494383085006606474455184673929289093270349e-08,2.033966500243666972785815722348780865237457762641051131380917736793274723734853e-16,3.361139051124783220494887499515289598006574432632028848044673360120111725337602e-08,1.273941317097431757199765691673380328297676673553537969880548268371924520109428e-07,1.273941319131398257443432628846162651849361246086480199072324866919308483292861e-07
5.3180511282141974e-9,5.4365636213072595,3.561083101780115014017476807832394242958741914993393525544815326070710906729651e-08,2.562584788850272111373099515433155246349999818457071912019442724902045956996595e-16,3.56108312740596290252019792156338939729029437849339171011553444626513815575011e-08,1.134964294481618948814527515278098724405618411400980048572670238016308264987533e-07,1.13496429704420373766479957012134430331560020987002661111362175478946550347784e-07
5.969249509970727e-9,5.436563690486517,3.356842685994832807145164240599002241416258085006606474455184673929289093270349e-08,3.228588474421820817961221528341234424515756454392120503052109334019438051498236e-16,3.356842653708948062926956060986786958003913839849041930533979643408195753075969e-08,1.011148576830122042483350343113430380726492313753750763879512505861054613150924e-07,1.011148580058710516905171071342773405492108755876799574123285590659861847698971e-07
6.700187503509577e-9,5.436563675003304,1.808521392596174935269252289533938764853758085006606474455184673929289093270349e-08,4.067683372867498902135743754747368742751423680246685079815046472112286003344579e-16,1.808521351919341206594263268176501217380070657492369671988333875778824372147489e-08,9.00840184485767988494168815628814083372244860731202212745933387767840792768614e-08,9.008401885534513613616675753299067806136305153265270342194143243122136571964071e-08
7.520629269592423e-9,5.436563607591922,4.932616832811719489009968112706814408974366914993393525544815326070710906729651e-08,5.124855073041148250681863273375754107993243124889649718738523679619823485126876e-16,4.932616884060270219421450619525447142731907994925824774441312513455947702927886e-08,8.025655740211631884564452289975853886616626398239248308284576631704067247794744e-08,8.025655791460182614975932535877835793164440165145834147035495350743614523320876e-08
8.441534596012994e-9,5.436563621316219,3.560187107390321527683093320130978227333741914993393525544815326070710906729651e-08,6.456780705908424375092166233150377808110729971173293449322752695310308327719202e-16,3.560187171958128586767337071052640558837519996100693237277749819298237859832734e-08,7.150119540588699840243283713207795775804080381555902473857779839116319395425766e-08,7.150119605156506899327523875294814265027091632794654797286280999745927869522084e-08
9.475205302806547e-9,5.436563620145259,3.677283129158114518114282857179318071083741914993393525544815326070710906729651e-08,8.134867521132057117494475635636105882087941345485143734600149854074597881325889e-16,3.67728321050678972943485403212407442744480073587280698039625267207220944747563e-08,6.370097484814398860318196461649268294125975139524224419101466236558785976668681e-08,6.370097566163074071638761939907198035186201655950578016516941657621346984491462e-08
1.0635449574860112e-8,5.436563669840509,1.292241840153463870328002501726474165244383085006606474455184673929289093270349e-08,1.024908117536240661812897530046149589365138168952482884723715595085997732244438e-15,1.292241737662652116703936320436721160629424148492789579206896201557729584670576e-08,5.675169727679512041369582520348753443418817427181239660313409161099126927857591e-08,5.675169830170323794993639659081793445434016234568717485031445420623182822160983e-08
1.1937766417144358e-8,5.436563655605494,1.312596543040047820712543237206083542868669149933935255448153260707109067296507e-09,1.291276897457699120311390494455067257671985084854180278338151544391225590228165e-15,1.312597834316945278411663548596577997935926821919020109628431598858653458522098e-09,5.056053147498786534493263827838569695943825160785873429513887010172658700517481e-08,5.056053276626476280263161505400812734674493301847239730640857751692224880644405e-08
1.3399552696593398e-8,5.436563683881159,2.696306882163424832205370892286624311728758085006606474455184673929289093270349e-08,1.626873665432773533464088721669771867585810277738815528598074239314440828123004e-15,2.696306719476058288928017545877752144751571326425578700573631814121865161826266e-08,4.504477338475112289924642937352435502089978104068243536131787266450120032075488e-08,4.504477501162478833201973499810520700868275260016071077542122971346076333481634e-08
1.504033553638025e-8,5.436563679907696,2.298960548549656466738403667211856245322508085006606474455184673929289093270349e-08,2.049690448647836048681039504409396515204600678857668523444247297388498789803461e-15,2.29896034358061160195479879910790580438285656454653858868833232950455935442047e-08,4.013074131325820435674528717303839910584971283425920631351684853573804454943974e-08,4.013074336294865300458097419619954717521502257725168994881821063245141398200361e-08
1.688203316700363e-8,5.436563649546706,7.371384680903805404258064138886076218649919149933935255448153260707109067296507e-09,2.582395317192977597773591291999766333445960936016356040144193100987163758657025e-15,7.371387263299122597235661912477368218416252595894871271804193404900210054460266e-09,3.575279166343499462690753586000030084586792545341130223308491221619710652531129e-08,3.575279424583031181988455956098144649050607954050861540257828335679085424989873e-08
1.8949247718738196e-8,5.43656366989211,1.297401979136237657902845073938693403525633085006606474455184673929289093270349e-08,3.253547665531419795161220111027923956010360954495688967924177831604525575914352e-15,1.297401653781471104760865557816682300733237483970511024886287881511505932817792e-08,3.185244204065278622871531068420755406167043912217023374015388327802935271867753e-08,3.185244529420045176013419459924323789690208480895040655896460117487476821558276e-08
2.1269593866686918e-8,5.436563656146986,7.711043586151512708134121775594770975561691499339352554481532607071090672965073e-10,4.099129339884083032317507411342860008650742815315143332849106417761486477467362e-15,7.711084577444911548964444950668884404161778006767505705914861098135268287829848e-10,2.837759002161416021951144781869931357846629937659762615374860539810641263381153e-08,2.837759412074350010359303368223216336104159399777018154139030486188096133576591e-08
2.387406771860647e-8,5.436563646748891,1.016919910548596219351432393788967729286866914993393525544815326070710906729651e-08,5.164473698390999339512514692847045541658806961291653560044388084311882284520399e-15,1.016920426995966058451366345040437013991421080874089654710171330509519337917879e-08,2.528181714943679363274236524769741695730174824660376765703954722094763877146483e-08,2.528182231391049202373940875158537400158990501586452550684375075932471105032177e-08
2.6797460873256895e-8,5.436563663999491,7.081400954040315425201215636733430617287580850066064744551846739292890932703493e-09,6.506696024899433101162130786086908216689168213767870573210069296429235218467757e-15,7.081394447344290525768114474602644530379364160897850976681273529223594503468274e-09,2.252376885742320255273071234292596633130792547854760903288414291308126047890536e-08,2.252377536411922745216016896765234372693448793403017447154226362988075717035117e-08
3.007882518043102e-8,5.436563657936826,1.018735917374566795016535413268464796975080850066064744551846739292890932703493e-09,8.197755595818497951051727149619864359718093374558924652409478978369327235420838e-15,1.018727719618970976518584361541315177110721131972690185627194329813912563376257e-09,2.006660203829248328593759117739225256338676910123019685573863825994613967242341e-08,2.006661023604807910442975712328945681315980114275307328093356650980645417278295e-08
3.37619944111134e-8,5.4365636507292825,6.188807977674617562032408225533109910056169149933935255448153260707109067296507e-09,1.032831356368947552663157185831868291289171272503762869103476325119990763692289e-14,6.188818305988181251507934857104968228739082041646660293076844295470360267204144e-09,1.78774928792832405885528489594195424801195601233068832904721907307403060687683e-08,1.787750320759680427801919268360151284844009415810538180245349641312685909656799e-08
3.789616980644716e-8,5.436563646436855,1.048123572425184959039009283780727983193116914993393525544815326070710906729651e-08,1.301259348647868782367025161656443763565357614270134801719172493937500218213083e-14,1.048124873684533606907791650805889639636880480351007795679617045243204844229869e-08,1.592719838859269698759594251887693559301628956659492376718332638848370856713594e-08,1.592721140118618346626918982862452054142416642545545113299700448868135261568341e-08
4.253657732750383e-8,5.436563663737881,6.819790665052902638391488087180513136818830850066064744551846739292890932703493e-09,1.639450508548081725640706020118264027962376207313960588413855856355628485463638e-14,6.819774270547817157574231680120311954178551226303991604945962600734327376418638e-09,1.418966575584844310445531792790149754984723353550540811982625964683537917709724e-08,1.418968215035352858524943675156654641999950167090223381349508675549986920780067e-08
4.774520538566131e-8,5.436563649970911,6.947179121335569491664982545372587449118669149933935255448153260707109067296507e-09,2.065535953898390602590934683797429996444822516113375313709983599854158876540536e-14,6.947199776695108475571008454719425423418633598159096389201290360543107608885273e-09,1.264168432829373898109033047866178690275698252385620177568304033841631235585273e-08,1.264170498365327796495962926636398920811525874877612482335436751161308483210644e-08
5.3591632908485144e-8,5.436563656786932,1.311584845449155390347458004919111795874191499339352554481532607071090672965073e-10,2.602358994432427749117482976761681521002251053687271499245096314536882626798125e-14,1.311845081348598633122369753216787964026291724444721281631457116702544361227753e-10,1.126257555364609628058149968766171471924979448975891995310091132846727170446881e-08,1.126260157723604060480069257605148759828479976380364924028591333663938050488658e-08
6.015395880274832e-8,5.4365636524013885,4.516701968465088996625608909126859910056169149933935255448153260707109067296507e-09,3.278699808212829486263587666648509508496840498516803309733145935662767852593731e-14,4.516734755463171124920471545003526395151254118338920423481250592166465694975033e-09,1.003391674776197766251377012328165625482839278502898935849804057762976134613492e-08,1.003394953476005979071609378388210247512771275491834582775139253815888891344811e-08
6.751984523072508e-8,5.436563661034648,4.116557472206192485001765978339570754006330850066064744551846739292890932703493e-09,4.130818405674821506931377820094789076427512322610661106620461557500472206249303e-14,4.11651616402213573678669666456136980611556657494283863794078053467731592798143e-09,8.939294997086572732743619230110294571615824874493797192547144661301809108459748e-09,8.939336305270629480811798086756669173300902434473642739542567266591175576834379e-09
7.57876886362593e-8,5.436563655240954,1.677136052729668720447561848160368210837419149933935255448153260707109067296507e-09,5.204398602738490397552116216461829119702622450504828186889803413714479860899015e-14,1.677188096715696105351537369322532829128616176158440303730022158741246212095116e-09,7.964087908419312119112397736776377285001582817573260584945564610463877197478641e-09,7.964139952405339503783208730970397199682491170607358956340357578986025064141916e-09
8.506793416364153e-8,5.436563661295909,4.377818707074663122595184338096040480568830850066064744551846739292890932703493e-09,6.55699722335326130240925750706503095838436739459551307391092668789307090569343e-14,4.377753137102429589982160245520969830259247006392118789421107630026012001994436e-09,7.095268277163048124545546469046958115302286725632514525635533350848895653520977e-09,7.095333847135281656788460088158879650337938955566884142501384631444187849740758e-09
9.548455102782283e-8,5.436563655973241,9.448498210768897687635488390890181131811691499339352554481532607071090672965073e-10,8.261129838217882620020184104841838238544613726864468965899093494858498464650219e-14,9.449324323752719475897490409300665315635545960712039001378122516420576522811538e-10,6.321230064737968989724131756890847515309667185290640750610020965784731199923505e-09,6.321312676036351167962842239140754429365432989720622933210260412073935338388093e-09
1.0717668854455034e-7,5.436563660175316,3.257225311221087919958763611319917433693830850066064744551846739292890932703493e-09,1.040815847242235850043516832198322355743796517045003182563654846551320177129989e-13,3.25712122963636369637375925963669760145825647041436024423359037380823580068578e-09,5.631633360496944904317232326808126687397932994935072111212957170458458615775529e-09,5.631737442081669126969693031737059093792389108851132139370203232407515736307195e-09
1.2030053494233243e-7,5.436563655922641,9.954493456472059032498962759939253397436691499339352554481532607071090672965073e-10,1.311318970994725236625640483287315615201442915118953191693291805500448667670363e-13,9.955804775443053757735588400422540713051892942254471507673225898876591121632744e-10,5.017266257082015330712981347851762960394960487147293599868964886076972540282666e-09,5.017397388979114801756383706313863599908218817069308733863061054920790222215281e-09
1.3503140378698722e-7,5.436563657444257,5.261663766635925431650959372552812032250808500660647445518467392928909327034927e-10,1.652124579239291677552924108195368755761846412108345514192439500020901206541577e-13,5.260011642056686139973406448444616663495046654248539100004274953428888425828385e-10,4.469921794097844627003142101125927020390921083043906262241677532613151952064247e-09,4.470087006555768553821226915518331711964097757757307425652852145698576782628024e-09
1.5156607589006042e-7,5.436563656756551,1.615395155691780227321303963628828592749191499339352554481532607071090672965073e-10,2.081503955712693316128328126871667445383966587789787842604682705513669001578256e-13,1.617476659647492920637432291755700260194575465927142342324137289776604341966652e-10,3.982288326266964355027037745517462020458226951069076783492006532172929568132305e-09,3.982496476662535620628933779596870769608608460086898674557702389268344481588829e-09
1.7012542798525891e-7,5.436563655346397,1.571693287099709253114751684662443406149919149933935255448153260707109067296507e-09,2.622477004514101482324810960536062147593338088567342410452087192678557348269198e-13,1.571955534800160663262984165758497012364678483742791989689198469426376923031334e-09,3.547851851560835538884706299204389783199274833751750652068099162028069666385814e-09,3.548114099261286943112624621829709308665428043910883988810859012063826474062533e-09
1.9095738328780967e-7,5.436563655455253,1.462837251802842204514063107964140183493669149933935255448153260707109067296507e-09,3.304046394113380739674533169345813952200333704879648274719893175637696800891956e-13,1.463167656442253542588030561281074764888889183304423220275625250024672836976597e-09,3.160808994566965992708257351677682584954952762032477475410344201970494289351916e-09,3.161139399206377321384696352728989199430958310765468391247362578522496498095073e-09
2.1434022335148544e-7,5.43656365759275,6.746591502964170805093728423150956563500808500660647445518467392928909327034927e-10,4.162752449559161659749588931239017923444442714282707594765187373269448218873927e-13,6.742428750514611643433978834219717545577364057946364737923702205555639878816053e-10,2.815989482689402260938627167227778709156171752902916142631829205320787247527337e-09,2.816405757934358162187565859593759066044758336582723916619529836123904419490886e-09
2.405863054644067e-7,5.43656365742835,5.102591011667633002539061427148759297875808500660647445518467392928909327034927e-10,5.244632153829334945379339483299577182162790292647367542677184329139962373446528e-13,5.09734637951380366759368208766545972069364571036800007797579020859976936466148e-10,2.508787079588686321119322308593947830874069482890555278891695328930666661911466e-09,2.509311542804069230935509907434551359175208206610678424722218211204733408185839e-09
2.700462352420682e-7,5.436563655579471,1.338619282558841789894840824600797898337419149933935255448153260707109067296507e-09,6.607687284381612996554999261600594613564905507509986227291376601362334284533348e-13,1.339280051287279951194496324526957957798775640484686254070882398367245300724961e-09,2.235098053242750205544396953416205992779426643333775054716142511707069703624131e-09,2.235758821971188329258551917274985112052792264302179207468748852172928168111334e-09
3.031135501567576e-7,5.436563657576483,6.583921625396092868790857911142289571313308500660647445518467392928909327034927e-10,8.324994006738755585402791343879730799463120646210567818178028560146212521959134e-13,6.575596631389354113205455119798409840513845380014436877700289364368763114512967e-10,1.991266356660513072489864109867271745347203877782838115807043945791442402677984e-09,1.992098856061186888387582137707909292342933342440171661226937955388470184366385e-09
3.4022997656780715e-7,5.436563656984683,6.659266424447794369504679441775678916258085006606474455184673929289093270349265e-11,1.048862063676228910392090148790205007044330881533538198382728788233114504421541e-12,6.554380218080171478465470426896658415553651918453120635346401050465781819907111e-11,1.774034788950432720821148549171536017062119294695557414610321095199955184498334e-09,1.775083651014108855029763067278661795397157615848091569425896998916410353975196e-09
3.818913304781854e-7,5.436563657138526,2.204358246775760354389332652124345235375808500660647445518467392928909327034927e-10,1.321456361084057300739097082596682118891589563467074836234206427724218867942797e-12,2.191143683164919781381941681298378414186892605025976697156125328651667138355499e-10,1.580501484334058290345043039094111049758337671723753059866299656882965047598237e-09,1.581822940695142197322230819216407836951241924657726745965119689798477778802503e-09
4.286541408420925e-7,5.436563657327434,4.093433809420153712303273797067582540063308500660647445518467392928909327034927e-10,1.664896629142051849929443470756197683038648827741647368722692737025420717035739e-12,4.076784843128733193803979362360020563232922012383230971831240465558655119864569e-10,1.408081147867476144749284904739663617168861314883788155899777706143338838719444e-09,1.409746044496617957985213007499052246644823335617413531307456298721915264881719e-09
4.811430839003264e-7,5.436563656919398,1.307109504420238491975557807344191506330850066064744551846739292890932703492654e-12,2.097595401073013873968343184062340351859873762535016293153301009656967865144715e-12,7.904858966527753819927853767181488455290236964702717413065617167660351616520614e-13,1.254470520042054720494295066640676174179158930015901411268706795969131334300202e-09,1.256568115443127355607642489064080804016124224997924186398409798781261022213396e-09
5.400593278542374e-7,5.436563657086469,1.683787993205319954463176846536576680688308500660647445518467392928909327034927e-10,2.642750540536577613490638341148353235835736622298055888163798509204433583397023e-12,1.657360487799954178328270463125093148329951134437666886636829407836864991200956e-10,1.117617608926823903023675149310243167595672463613646391152506447723123816538696e-09,1.120260359467359879416754771462515332993187482389973485473794179930885855230596e-09
6.061898993497572e-7,5.436563657335562,4.174711016606912172314607024225175313500808500660647445518467392928909327034927e-10,3.329588926412483017181861891190749712296635694068847831731300123277699111319406e-12,4.141415127342787342142788405313267816377842143719958967201154391696132335921732e-10,9.956942788431867480910237817318918468088571669075085445918350550830135165076829e-10,9.990238677695982767693365611926685116759805749366693357538447508082737628610103e-10
6.804181968927094e-7,5.436563657076038,1.579471437811540245924972415002763204125808500660647445518467392928909327034927e-10,4.194933365386011067004489018021983577945787613567819073193299797930747014639558e-12,1.537522104157680135254927524822543368346350624524969254786534394949601856888531e-10,8.870718294006103212353792665868379964201440469798060250860235697043150972894298e-10,8.912667627659948174458347203493507229486196463304785165402932197291408033903265e-10
7.637357916378027e-7,5.436563656954434,3.634397180475077865728069544162153525633085006606474455184673929289093270349265e-11,5.28517673771514781987457217590896776164336433676249654925424066941568852802244e-12,3.105879506703563083740612326571256749468748572930224800259249862347524417547021e-11,7.902992386682915608863590796472525162328424862779773571052069698484257323949659e-10,7.955844154060043041197303676976077174398241642252619460191050823276199258415899e-10
8.572556731909324e-7,5.436563657049903,1.318124937814778396309249520334184102563308500660647445518467392928909327034927e-10,6.65876921416022181223712586739605409262769694847477168107816565606163057102931e-12,1.251537245673176178186878261660223561637031531175899728707685736368293021324633e-10,7.040837798464449601458634982230682626689976380772311693451512116848038645375255e-10,7.107425490606013650711119131508854428041082065197581469959124882419954456443611e-10
9.622271173675135e-7,5.436563656704291,2.137990456059136912777192473379194803686691499339352554481532607071090672965073e-10,8.389351888848610198135144525543323098122918148965149595538791014789440740242838e-12,2.221883974947623014758543918634628034667920680829004050436920517218985080367502e-10,6.27273752506965418911969935204069113208212150885035078841847302039046677085937e-10,6.35663104395807970427556253275595120382500051264576726611673591832924362486334e-10
1.080052374516254e-6,5.436563656827457,9.063356778925792505881856679592729286866914993393525544815326070710906729650735e-11,1.056970482852317057252455860116333124798102831611218459063886310156580481435541e-11,1.012032726177810956313431253970906241166501782500474400387921238086748721108628e-10,5.588430977205328265784826502594639536505461709205709640759130862472595984904016e-10,5.694128025490463799854123080517583007512811802609387602292091329871763760626556e-10
1.2123054013376528e-6,5.4365636569506535,3.256299627208734554321397543277143760008085006606474455184673929289093270349265e-11,1.331672120114677510721515198355817542603171792917976631965833042733459066913899e-11,1.924627507094057043599882344921326217404913213688497823218840886555634203435366e-11,4.978776915528817666865201679284143045512192633533774813930481671886899330263893e-10,5.111944127540132761195009666140583198309395855740006206184866259655504187321629e-10
1.3607528864243332e-6,5.436563656763655,1.544358645684164211238838314977705545874191499339352554481532607071090672965073e-10,1.677767415704272748029889299033377689290086816766259875539237970031878782023759e-11,1.712135387254591486041827244881043314803200181015978542035456404074278551167449e-10,4.435631338332960748798336232163458578357575314710105515724460372116873600742731e-10,4.603408079903145706041614045421776950885596441023429680689118744893090379507829e-10
1.5273778503907125e-6,5.436563656939168,2.107796112694502616383959055270551963133085006606474455184673929289093270349265e-11,2.113811244284970834007244538368962850852689922291445188960491609687304439883578e-11,6.01513159046821762328548309841088771960491568497073377581768039821116953431265e-14,3.951738690728565085307648225790147540907629163253692243903390698302591044602082e-10,4.163119815156677529295511260504288733456028046411060677031189694888391851330229e-10
1.714406135851972e-6,5.436563657020442,1.023516156000246856742434620889604024438308500660647445518467392928909327034927e-10,2.663180804825932753360350285854518722887985626643496402685765783118142548932564e-11,7.571980755176535814063995923041521521495099379962978052498908146170950721416701e-11,3.520634942053168743006968877796429546566090730423794976839629324559315989748939e-10,3.78695302253515146631325102371616921018290765854369106539638973498815516105063e-10
1.92433614111598e-6,5.436563656899709,1.838114152507243753328095674191117958741914993393525544815326070710906729650735e-11,3.355328919916548502192771064460254280174356472577820833405619058340217322477819e-11,5.193443072423792255520866738651372238916271465971346378220945129051124052128553e-11,3.136561236775641738652487496913853179343756989465174027107414047473656386313433e-10,3.472094128766327437587286907360337472160686537120923115189395210101597122151686e-10
2.159972194782717e-6,5.436563656962171,4.408089401875856955618489981021284385008085006606474455184673929289093270349265e-11,4.22736306165511725131788205366314092494728033132745537589281266337879608101864e-11,1.80726340220739704300607927358143460060804675279019079291861265910297189330625e-12,2.794386965410902776014069509319127676440221066612082449707743384686704239934609e-10,3.217123271574876132314973607811987051885818126845410656629387006117344339437524e-10
2.4244620170823308e-6,5.4365636569725,5.440952086145132588305402994479536338133085006606474455184673929289093270349265e-11,5.326034758909464246998101551413823237915436782732899101030738485113400270968177e-11,1.149173272356683413073014430657131002176482238735753541539354441756929993810888e-12,2.489541227795542911674010707417472347977758829793327234069686968598992683909364e-10,3.022144703684047427976504476418599829478378484391375976872143535220345294243927e-10
2.7213387683753086e-6,5.436563656864666,5.342422107434087857521246671352983193116914993393525544815326070710906729650735e-11,6.710246042130198201813450947964403747057468648546766640636830820871480658543146e-11,1.205266814956428605933469761931738694017438364194029218545215689158238738819388e-10,2.217951773183421591683286889214742891988327289953471914212053980272784533885194e-10,2.888976377392565282485789686288999442113044754610506680074638175583643934613497e-10
3.054568246515432e-6,5.436563657021304,1.032131486671338071496122002633988790063308500660647445518467392928909327034927e-10,8.454207301335292537409317045999842560043607112655173032065474184814634582760919e-11,1.867107565378088177551902980340045340589477893951301423119199744474458687588346e-11,1.975990601498682466917119114404768462286628815316840389601883823003103414140754e-10,2.821411331626059000524060995754518393543495210907713750743920076899140859465988e-10
3.428601863556583e-6,5.436563656981316,6.322557985539476893925000429477094931883085006606474455184673929289093270349265e-11,1.065141585647270914753343359394357998367509048914117561796845969808400653496202e-10,4.328857870933232253608433164466485051792005482534701162783785768794913264612756e-11,1.760425499066171793302445426111374276443384703297111118798898278643718389043338e-10,2.825567084703676273206155423606937866472519353862693487697423760836761805655254e-10
3.848436109487433e-6,5.436563657045416,1.273254164051528069571488022836625508813308500660647445518467392928909327034927e-10,1.3419668539433060085228695670196685240134100234352896486132997747106548651611e-10,6.871268989177793895138154418304301520010152277464220309483238178174553812617312e-12,1.568376861414155862088008095280797223869258241569204031952621933010254589352351e-10,2.910343715341959255898202440973959815690630651257620526485081547341480168297594e-10
4.319679297334173e-6,5.436563657080696,1.626056395924811814361147999795854024438308500660647445518467392928909327034927e-10,1.690737702245694703993711197517357369336305128206441024459594321877432535702654e-10,6.468130632088288963256319772150334489799662754579357894112692894852320866772706e-12,1.397279226371205063526209136555820387363228497509974337255903959686399434153977e-10,3.08801692859229190737136578215377876819213887491120870942877961136199257987694e-10
4.848626481239078e-6,5.4365636570818765,1.637860287122626478698932051690995626000808500660647445518467392928909327034927e-10,2.13015244705742110492596362958724553530631153233120245343609760772866761086549e-10,4.922921599347946262270315778962499093055030316705550079176302147997582838305631e-11,1.24484700360097482076704962149143397694067654453993320004685295599436227279987e-10,3.374999450619334980664429509196182179820628986123046748679485286849416471528094e-10
5.442343548300272e-6,5.436563657176407,2.583166342777863765981875777276933126000808500660647445518467392928909327034927e-10,2.683769009043964961874769812068900301955177703837445743262138686123011582759585e-10,1.00602666266101195892894034791967175954369203176798297743671293194102255724658e-11,1.109043942776430831859755161847205355803086214596820431708527736494633737349856e-10,3.792812951758392945160280666928494998076379287172161256429915685383767886720209e-10
6.10876160750504e-6,5.43656365727482,3.567294677158193527170353055032670430688308500660647445518467392928909327034927e-10,3.381267901207430435652202676881050925631932465506418901562349863959146307407891e-10,1.860267759507630915181503781516195050563760351542285439561175289697630196270351e-11,9.880559325371945960281307442554953967761251430145621822148879699113905692559064e-11,4.369323833646205671152561269759120769033142107573452787887515425706585440719674e-10
6.856782936641738e-6,5.436563657322356,4.042656649165897552770458579095780782250808500660647445518467392928909327034927e-10,4.260043461723365151603525919138271813744567805522952038240270948023567638800383e-10,2.173868125574675988330673400424910314937593048623045927218035550946583117654569e-11,8.802667668676370537379841276276113907437397928027446087506176723571626309505285e-11,5.14031022843477760035249201048018255465144628963799205353519719496330434966697e-10
7.69639990247115e-6,5.436563657488872,5.707813550419692338359438300165116719750808500660647445518467392928909327034927e-10,5.367208640677997583735164634683310895759037299952596932752764439353744187053964e-10,3.406049097416947546242736654818058239917712007080505127657029535751651399809621e-11,7.842365551733918608285097793214629723912333462652530447285417910048719924155474e-11,6.151445195603408487634795144493918053498438821858248316018442867893124067883803e-10
8.638828442740453e-6,5.436563657621247,7.031563548924955985889666199716508321313308500660647445518467392928909327034927e-10,6.762120821412095346632413734692860480984952469343593449058887674552436427753306e-10,2.694427275128606392572524650236478403283560313170539964595797183764728992816206e-11,6.986824876494592852904580905512667931921286995668938850154014816910354145781479e-11,7.460803308667925504143780756427620941223325848597881035591461508416505740097716e-10
9.69665789314552e-6,5.436563657760913,8.428224113903402913742594838174760274438308500660647445518467392928909327034927e-10,8.519564090905410321142298423879939125853990323430513295410261246297164360487833e-10,9.13399770020074073997035857051788514156818227698658498917938533682550334529068e-12,6.224616989960484932711370687416252206844202893055596245384464916370376902683492e-11,9.142025789276637085538211438098971345587749203492625126220402470358047743299238e-10
1.0884019160690054e-5,5.436563657965397,1.047306840779480423490413320067781203225080850066064744551846739292890932703493e-09,1.073375856720839235500824400808653506383066865456868449898655859773247877401669e-09,2.606901594135881201041108074087230315798601539080370534680912048035694469817667e-11,5.545560015688295102344052985404385046100665994972125784856833322098922566842949e-11,1.1288314567785419772043133760128196385643732083877145750573265401074702109398e-09
1.221677348996793e-5,5.436563658264445,1.346354738335673188968458068374055617287580850066064744551846739292890932703493e-09,1.352341173214256769207215678940711950254443035334157889432772882182207671107893e-09,5.986434878583580238757610566656332966862185268093144880926142889316738404400432e-12,4.9405828402296493264445025029704418835460233733024780377775179231087112525404e-11,1.401747001459120934718140704445413291838193780098317524678203472196670541632025e-09
1.3712724343984009e-5,5.436563658644025,1.725934661384496009387903702262300246193830850066064744551846739292890932703493e-09,1.703808258151977228240390959505443513840076976185617883633059889317077237491365e-09,2.212640323251878114751274275685673235375387388044686091878684997581369521212756e-11,4.401603937585754193777626086745619078687118453585636596927423488104933130101206e-11,1.747824297277936751289793600776244820956302445999092458783587040791526668182218e-09
1.5391855229902053e-5,5.436563659068083,2.149992783335061701192417037490266554787580850066064744551846739292890932703493e-09,2.146619978795670930911672600528776390424135766590217721959494661768598853304404e-09,3.37280453939077028074443696149016436344508347584702259235207752429207939908838e-12,3.921423412965152644842061577784568507541555118334129308161838636218925424137899e-11,2.185834212528650307899033934681663098978397675385873087517002523320568755629493e-09
1.7276596646690345e-5,5.436563659626208,2.708117885025682496317558777335542433693830850066064744551846739292890932703493e-09,2.704516374635010943487863235803311176376814949181914783107079981646517999300399e-09,3.60151039067155282969554153223125731701590088414996144476675764637293340309319e-12,3.493626823722294939405714242650095214858805358240082366331669970927875849480314e-11,2.73945264224258186579107763644917001870355578730306447168252628758521994023627e-09
1.939212572065831e-5,5.43656366031631,3.398219194456384299966403138640779250100080850066064744551846739292890932703493e-09,3.407407409328161811622697629571516465246098171664847980328066322973543514476664e-09,9.188214871777511656294490930737215146017321598783235776219583680652581773171055e-12,3.112499492678570185614280530651505828455117587094453241688228016841253849367092e-11,3.438532403255478113468231394385910678001431341559680280585679892500846857558309e-09
2.1766702531534592e-5,5.436563661201772,4.283681564549066549344816100600618117287580850066064744551846739292890932703493e-09,4.292976504863601232969781715530959238973319322410774877652532007885851659822365e-09,9.294940314534683624965614930341121685738472344710133100685268592960727118872426e-12,2.772950169189117602096046031638598629597549821843054395395080101535585898749054e-11,4.320706004968998538427143934230031500481737325458059183546935644462457005851314e-09
2.443204762186487e-5,5.436563662327261,5.409170599852028842261888873580354445412580850066064744551846739292890932703493e-09,5.408700826682129020507210300472794689929198745925815672240794373753973062870902e-09,4.697731698998217546785731075597554833821041402490723110523655389178698325902405e-13,2.470443018189442707515906568739682006336163607936696931197538974290201488694735e-11,5.433405254345724436786319512964754390460436430275825008237804182873761916867394e-09
2.7423765732649524e-5,5.436563663733058,6.814967856233930958379887831214326613381330850066064744551846739292890932703493e-09,6.814396631367488646504468937545118339098954870861685063028541702729164886194669e-09,5.712248664423118754188936692082742823759792043796815233050365637260465088234146e-13,2.200937028704577069408157293907521542963600141201152773585069801151632049328014e-11,6.836405997657147458732488688565768681043155720755417600024894561521397122378618e-09
3.07818214256508e-5,5.436563665499478,8.581387755474576421958290827277559035256330850066064744551846739292890932703493e-09,8.585426138191137734322582593497248812017985104709666011057379124161173935984856e-09,4.03838271656131236429176621968977676165425464360126650553238486828300328136285e-12,1.960832032415441444428877485412764164423325970596092833267756574989313224164028e-11,8.605034452170095479296117480790437218837830818680865748168588813501403803560835e-09
3.4551072945922186e-5,5.4365636677434885,1.082539806637795352534473766088809370322508085006606474455184673929289093270349e-08,1.081673785144267846479292703077377008142641471506488521407855734812829742663229e-08,8.660214935275060551810630114323621798666135001179530473289391164593506071207456e-12,1.746920611176900084766836161700588162117116417001511669513228682788580956884629e-11,1.083420704748248765949540705533379601350752787968871046687393893435444926789829e-08
3.8781871456107194e-5,5.436563670538137,1.362004613489387936814770926237429975791258085006606474455184673929289093270349e-08,1.362795694347731128226848649837831298940046915244194443078376825925140425338072e-08,7.910808583431914120777236004013231487888302375879686231921519958513320677232205e-12,1.556345251049073345708569111481030087121315349671682431563477221889260078622991e-11,1.364352038000021650432298839018450697906525687423581399284926970279328774224901e-08
4.353073364731892e-5,5.436563674074378,1.715628765672262177494437326193179487510008085006606474455184673929289093270349e-08,1.716979860431605892472349562205066804303882710482266897173963772940203135475201e-08,1.351094759343714977912236011887316793874625475660422718779099010914042204851613e-11,1.386560170488317101122890620899567871029167087030045035550417387930470000286058e-11,1.718366418064327028069195487016421736969202516825030904073304103316792984080086e-08
4.886109671160326e-5,5.436563678549334,2.163124317397558713954956163168277143760008085006606474455184673929289093270349e-08,2.163214819057911725123775113543097033647479628743273664155556269217350492496795e-08,9.050166035301116881895037481988988747154373666718970037159528806139922644583877e-13,1.235297312783701047110848263874669962960611813906884998597815967650999579053926e-11,2.1644501123424059366466815832108099340310728696878756878246042862168188059026e-08
5.484416576121015e-5,5.436563684178642,2.726055174881492946687237251997317671103758085006606474455184673929289093270349e-08,2.725424136706310435449973855578938225897458984249380741892647765426857861964379e-08,6.31038175182511237263396418379445206299100757225732562536908502431231305970447e-12,1.10053604845235281697652481439284167489487620195204929705569438368917448669742e-11,2.726524666360513413970688272666584009698749635630887307681962491719875108216458e-08
6.155986501483514e-5,5.436563691263585,3.434549415934396763722495068312014936728758085006606474455184673929289093270349e-08,3.433749001918617485071328762434239712723806578755002643501794988492631444489953e-08,8.004140157792786511663058777752240049515062516038309533896854366576487803963463e-12,9.804761828662643296253849328675637335793647508021722449720625165544412196371649e-12,3.434729467951660810832992628193132842633049206551880639665132600116157273985928e-08
6.909790545715646e-5,5.436563700179835,4.326174411992168332025491524935092329306883085006606474455184673929289093270349e-08,4.326164155974117388995429716567495304940187432749986820144118300323878844406678e-08,1.02560180509430300618083675970243666956522566196543110663736054102488636711567e-13,8.735139085356570414991105419611227783143907645146157418869135710479830343951383e-12,4.327037653771472567402732090474866627492992509756397414466219781963347889084366e-08
7.755898323389002e-5,5.436563711421089,5.450299826967365022673354376554812788291258085006606474455184673929289093270349e-08,5.450513796353352826201830927655010791576850219369194530802364660730148761059529e-08,2.139693859878035284765511001980032855921343625880563471799868008596677891797632e-12,7.782203808099193359178263570658433389318493145074619004054115489396738169105839e-12,5.451291991160304165028884096391145438396158755162658132927730929398585772464502e-08
8.705612479099857e-5,5.43656372559158,6.867348971659238175297238756418551801963133085006606474455184673929289093270349e-08,6.867076601956153796317567036895987874959676676179082877374356968692494560032495e-08,2.723697030843789796717195225639270034564088275235970808277052367945332378545987e-12,6.933226308018357769827663779452931564970140430294510952485258885670026816908567e-12,6.867769883992646377846341289240307451577958783293578094897375315388878644712243e-08
9.771619672696181e-5,5.436563743439343,8.652125209571194007102482844591464399619383085006606474455184673929289093270349e-08,8.651797396353538976038036076310835794547830126284802174180987405456929065064619e-08,3.278132176550310644467682806286050715529587218043002741972684723600282057301879e-12,6.176865605623196880981137974949128915958121051765485524811828980188465531522732e-12,8.652415018477288251868960467310843156342109100851758387000985254527748111908671e-08
0.0001096816005273138,5.4365637659195425,1.090014520195030732585032366633447587422875808500660647445518467392928909327035e-07,1.090035870520436863931152536043390488564868271389343148286220863864448335931484e-07,2.135032540613134612016940994290114199246288868250084070239647151942660444897119e-12,5.503017933484405164713832080277309387535633200993088668395039888115945929769492e-12,1.090090890471483673076233695830747933915506635734472228990397578462732125750048e-07
0.00012311217482038908,5.436563794251631,1.373335406946456592569042824626001298360375808500660647445518467392928909327035e-07,1.373331049245050516519013947401142536970617220524019493022186619822210868785201e-07,4.357701406076050028877224858761389758587976641154423331847570718040541833709435e-13,4.902681766085731318592804422539107987108561031784510378891519724833614450503843e-12,1.373380059826980396985337125276388892325472640537738257994633608954814272218917e-07
0.0001381873305653632,5.436563829941227,1.730231368619332775570833020329507768086938308500660647445518467392928909327035e-07,1.730253309109368512746220871181175160340826478650804388378577246260575902348536e-07,2.194049003573717538785085166739225388817015014374093305877886764699302150084325e-12,4.367837573861986997729406151622529684217140065306099673533386932223841996770583e-12,1.730296961713545013971284667697925972792076044157176219661907661074091701654376e-07
0.00015510844769528405,5.436563874910147,2.179920561169173075332687132477792680196313308500660647445518467392928909327035e-07,2.179937981974777188904471082898747378184490073844039033461570874427085442387968e-07,1.742080560411357178395042095469798817676534337838601605240703415653306093279074e-12,3.891340695129861679985479016876080955896855633440805094742040223350780109019802e-12,2.179976854473597198561751108903728385878071767047924392359018800435715714397747e-07
0.00017410156523040154,5.436563931566961,2.746488704681031654918947153210672318868188308500660647445518467392928909327035e-07,2.746493582771032947652857023236282179937664092890068246436307031266882628430034e-07,4.878090001292733909870025609861069475784389407598990788563873953719102998644354e-13,3.466825894852343265255479253990869854591671890167826314803090699703588348496001e-12,2.74652818609502724040278595503358665690125338872662511902932759044699359418919e-07
0.00019542040079740535,5.436564002947393,3.460293026997523034670770995736154496602563308500660647445518467392928909327035e-07,3.460294316689929734834653095040352768650474551443436068663539325985990674653088e-07,1.289692406700163882099304198272047911242942775421218020858593061765326053267894e-13,3.088622335294556998960129462919765235436047727998879093371681897883218774364175e-12,3.460325099839684559729742997647141391679836718769705936073395608045370936859822e-07
0.00021934973989050602,5.436564092878353,4.359602622678597859495234571814569413594750808500660647445518467392928909327035e-07,4.359608503129122648564262612594392213652044314841490364810457286600785059980883e-07,5.880450524789069028040779822800057293506340829717364938819207856150653848277352e-13,2.751677822715324804299563574647684378010546707726879180305461340415542601680269e-12,4.359635856294904606126533471842505797223708683814488471196192067119381340589761e-07
0.00024620924014946254,5.436564206182324,5.492642338062741024051242404103311479024438308500660647445518467392928909327035e-07,5.492650219700819341363680465055813465744414307980469247894618164491422230672622e-07,7.881638078317312438060952501986719975999479808600449099697098493321345586892037e-13,2.451491318151480803947321568523287149871284783858978616439084613883766506797514e-12,5.492674474906056772512172095155526842108691851018892593137750360979806167678538e-07
0.00027635770147361603,5.436564348936352,6.920182619602759464915756963610681474141625808500660647445518467392928909327035e-07,6.92016415941987762495373465832378423791715112326229271716970169991365659616213e-07,1.846018288183996202230528689723622447468523836793027581676747927231316490493509e-12,2.184052810747177239439034972399031283835867559585105263034310361349172649687804e-12,6.920185587704183908971572128060495142689295814976350107141307133690365865740178e-07
0.0003101978590138097,5.4365645287867945,8.718687040549515464382161282420190751485375808500660647445518467392928909327035e-07,8.718682281004948923408829595079448363606702145909118760107159418536891670391008e-07,4.759544566540973331687340742387878673662591541887338359048856037238936027158075e-13,1.945789750432190000830008888288365346087290488476199543370477538947617935076787e-12,8.71870108453297462518876144195380863322743308332663766358164421709551252534955e-07
0.0003481817630688966,5.43656475538034,1.098462249759596840319401481044295686476662580850066064744551846739292890932703e-06,1.098462684870061988832836183444209620558269220305808851021076902633358113226298e-06,4.351104651485134347023999139340816066394557427862765250558940652222935941179056e-13,1.733519324375546912294064626694223157516501671581475615569537986979852960660086e-12,1.098464314518954737857773705290445564557441595966382186099406198735521099695215e-06
0.0003908168177536264,5.4365650408656,1.383947509192102085377965950262549775832131330850066064744551846739292890932703e-06,1.383947983513260195621694526566946152953859156722970237453846482002313891044437e-06,4.743211581102437285763043963771217278258729041727092946352630210001117338457979e-13,1.544405939704419907742239632348536425309470674385115703858285153930564324903303e-12,1.383949363041910331489314520503993351863570136214727995520079047490098594151635e-06
0.00043867255910484985,5.436565400547373,1.743629282446396597676622577798369783156350080850066064744551846739292890932703e-06,1.743629583129870457502838324689136932004873796168020455954595662596603720125624e-06,3.006834738598262157468907671488485237153179543912100438158573108291929208057329e-13,1.375923344525443788229691211496686650338899899038648602121171737461080353804732e-12,1.743630697337534202498219340887382559491719290029199981941352263586094522547204e-06
0.0004923882631706741,5.436565853709435,2.196791344099641616209820740711692231886818830850066064744551846739292890932703e-06,2.196790763705448606142177996870258748778863552919316690313454608618404616656844e-06,5.803941930100676427438414334831079552779307493744310972381208882742758595416891e-13,1.225820881246035139727512703859979805951897818816788514240945770764209335368836e-12,2.196791574095568606787418864215095239956117237794634526654234522547055027667341e-06
0.0005526814857144603,5.436566424644114,2.767726023189060366873574339640143769972756330850066064744551846739292890932703e-06,2.767726445525238426973001405041694992874333561613292088736521666565286522427383e-06,4.223361780600994270654015512229015772307632260239919698198259936314946791721172e-13,1.092093421394102022423549689592888517786911198169838219650935222704736387930608e-12,2.767726878190390223149222480316616901341140294449449696482227872537794512305803e-06
0.0006203576476104275,5.436567143964213,3.487046122673892920444897272479537385695412580850066064744551846739292890932703e-06,3.487045694869451323648131774850262389650292387400643624067781811495575220944166e-06,4.278044415967967654976292749960451201934494224406767700352437176699885372015436e-13,9.729545803135109674791150867491068273324270644277325470323575894269534998775143e-13,3.487045621089685388606540457957622642092407527239223707504524419478319828300228e-06
0.0006963207939763883,5.436568050230437,4.393312346517381126047522657406333345168068830850066064744551846739292890932703e-06,4.393312747165144514701718192171340729554351211228532743941704216903334428614981e-06,4.006477633886541955347650073843862823803784666791971523701640415376822777269011e-13,8.668128539265587040687526298135527650003464025403113224768664878696167055680185e-13,4.393311952458689421763006302316490404122800471669491699991799040585401527440747e-06
0.0007815856707684091,5.436569192032614,5.535114523768730929602580972802642244093850080850066064744551846739292890932703e-06,5.535114528079502746567395752424066527919237346091761118532586709087460944552327e-06,4.310771816964814779621424283825387265241695053788034862348168053619623249590229e-15,7.722503587887891962194169723328817652417366595092684292547709401501418424832234e-13,5.535112662940098029072058796681057525963337365836504429457089838815340199974518e-06
0.0008772912801613356,5.4365706305832475,6.973665157050196636716547318589690583937600080850066064744551846739292890932703e-06,6.973665519571439850087608420718013859986309578213223557381885258348298793021435e-06,3.625212432133710611021283232760487094973631574926373334116090059020887313801645e-13,6.880038914373808461216801088108247950536760760719725018536738653861364785474459e-13,6.97366202115099056771475747548526164751325983398799627148368127049681535700356e-06
0.0009847160957933774,5.436572443007889,8.786089798528768266421222024452689546339943830850066064744551846739292890932703e-06,8.786089627837005502922228021519277012459287275238133941409416248116175474483714e-06,1.706917627634989940029334125338806565556119321233351355986231174164489897326095e-13,6.129480540163012985667288927225477212966197757496412305384952519322425814888138e-13,8.786083595521866927964066474524149069769283725514953275596191244229233617482896e-06
0.0011052951411260222,5.436574726473308,1.10695552179458094420416195773005517899922875808500660647445518467392928909327e-05,1.106955500832756160009519774187254093678703623471765115678325223922303552994037e-05,2.096182478419464218354280108532052513461324149079612996075162573609923354238005e-13,5.460802207636432643535326297604940492761653623631497644052413060103181112582099e-13,1.106954500614022856812435519128007779380697752594341552899033998763771353278984e-05
0.0012406391590588318,5.4365776034016395,1.39464835490649978842858140252947839677266625808500660647445518467392928909327e-05,1.394648353622033019574180174754049996279173224415690131439191861096365013713153e-05,1.28446676885440122777542840049349303366931647503526332357756427538011756350677e-14,4.865071445374700728324826298498289176018864877617604963047239189373394886767471e-13,1.394646727907883610074725694388220455936638806289105185419046698663346735577788e-05
0.0013925561288744633,5.4365812280325425,1.75711144520413757951037873410105737626485375808500660647445518467392928909327e-05,1.757111423168964589981874837269548007215634792474328368282267126987698788409828e-05,2.203517298952850389683150936904921896561067823819218805768623050068344196858467e-13,4.33433024464820109342507709985243167436151584488698696565011129538323938998224e-13,1.757108808731927272842154460067508204693395615981692673986182143817443979386791e-05
0.001563075417945816,5.436585794690976,2.21377728856659576982356988721013101518086938308500660647445518467392928909327e-05,2.213777254877142009849678645196869067385192215848847132273449137141946735555626e-05,3.368945375997389124201326194779567716723615947420100604753198255353764455132885e-13,3.861488753167785751870908347315063090532722502837442395763702278044990796749881e-13,2.213773074700264472667344134578415362361008496686075435780704573226968117075076e-05
0.0017544748908334597,5.436591548206874,2.78912887831545834947765719972968133866719750808500660647445518467392928909327e-05,2.789128890916556125458058404017079687492977157352881486678340155823755172353513e-05,1.260109777598040120428739834882577964926787488020388497114982588326024254616039e-13,3.440230566014832263567184940898055149397620841253265714661172308212553128408699e-13,2.78912222867623512992963759612679012147290280536819852410461727033767341508729e-05
0.0019693113379074217,5.436598797043197,3.51401251063472035517198414437890085160665063308500660647445518467392928909327e-05,3.514012511585913729478614397271052860085819868583666151061487507619698582461725e-05,9.511933743066302528921520084791692354986595445870323229457692933684543379810453e-15,3.064928348589312811280169406607964784648968958374012755694705704082246387380913e-13,3.514001912408307393014116638956411222390092312028718160722703149741961945237995e-05
0.0022104546299710217,5.436607929830566,4.42729124753733220919249028794884714066915063308500660647445518467392928909327e-05,4.427291250107566236959909666799463539753163305046491136795085976526870318223432e-05,2.570234027767419378850616399084012671961484530320630791852941029130161416591875e-14,2.730568664433493277185731018182664547635505574837878604979942149673205136585813e-13,4.427274404296725388895908351905481940935944478359744406924733541512609624952481e-05
0.0024811260551377704,5.436619436206728,5.57792886374692547056630168937563928544454125808500660647445518467392928909327e-05,5.577928864398007493432923057310428215805882599912421384092278492816584796451967e-05,6.510820228666213679347889303613413418274147776178233081426555073586963813440945e-15,2.432685003751513264925604807337385609883148226969204221287536648391911646794234e-13,5.577902105400786202410075973416662103899126524876860768234012526307047500366408e-05
0.002784941350080644,5.4366339330682,7.02761501096156042754747354321599039018086938308500660647445518467392928909327e-05,7.02761500611937208115752532345620047711975031050991581898645283709700865999696e-05,4.842188346389948219759789913061119072575090787488002347576920629096310284803533e-14,2.167298117993050143428336336935334179007218656072984815340279909396780688611783e-13,7.027572513621080078593739959175895936889403663571680542769483422875589850530337e-05
0.003125959000482281,5.436652197646793,8.85407287022794424834292762808918985307149438308500660647445518467392928909327e-05,8.85407288131454267925270407787529299207045316415664711133562502709975842855093e-05,1.108659843090977644978610313899895878107164050486116984242582913945766008389451e-13,1.930862863466726727436649787003263655343059778621524611476955699894053016341909e-13,8.854005416276280031043544210397631094857360522817923285301390854595835919815032e-05
0.0035087344559027113,5.436675209185153,0.0001115522670624309047403376930289387735307149438308500660647445518467392928909327,0.0001115522670968715712052992852134092081579498964930919138561827133980562705519473,3.444066646496159218447043462723495266224184779143816155131697766101461970016099e-14,1.720220843899097924708599435869679426184375407337242656919785444188970430565557e-13,0.0001115511960641342578684150200875613640992596730831122997793999139316048327923474
0.003938380983288489,5.436704201443327,0.0001405445252361965107289298352681517633378438500808500660647445518467392928909327,0.000140544525301560838733850095321091198924224747429666332393524120233802776279619,6.53643280049202600529394355863808973488162663287795683870634833886862888470297e-14,1.532558219319605708079435073640208911621607537307638244253571731870028944771691e-13,0.000140542825090116116973909566485192342450642746754794311575783080871949951205459
0.0044206379720285295,5.4367407288586636,0.0001770719405730809275033398912184357675492696313308500660647445518467392928909327,0.0001770719405216213426147243723176364182021052534642873348251423573718415441958545,5.145958488861551890079934934716437786656273123960219447489774869507823958529596e-14,1.365368117665856876961521408198619267098489532196745539698662095773361016192297e-13,0.000177069241602460080703857631418966446706059426484096618870831535191000936129175
0.004961947603002903,5.436786749903619,0.0002230929855284053691198797345988869699418477563308500660647445518467392928909327,0.0002230929854850530073825729615235585798531840046482824279740027849515549394505441,4.335236173730677307532839008866375168256763809074176689518435344038859026205271e-14,1.216417146988416660654964179395623516841240006129807669890167638980393865311481e-13,0.0002230887012873061427055055391224516589830634161828175685157321076438013560646282
0.005569540905800136,5.436844732119885,0.0002810752017949220420510547150753855737626485375808500660647445518467392928909327,0.0002810752018045489905952252709720720190250054978183158492453670310815404405527425,9.626948544170555896686445262356960237465783180622479234801147661809830907319307e-15,1.083715560911870990650863085781589440705750832664574196057794664138487918403645e-13,0.0002810684012364183928128591033202496813574274683277308889054561364716258738377583
0.006251534353689712,5.436917784464491,0.0003541275464004507160885414955102324518144063500808500660647445518467392928909327,0.0003541275463212642054110769898915881573456472272070352969487752017109948058227368,7.91865106774645056186442944687591228738147691159693501357444870681958626593559e-14,9.654906788104622769498803199954187921174205694473636944327520126232625353459417e-14,0.0003541167514151734132731920668769411169897407189926275980883371159133762357350987
0.00701703828670383,5.437009824076286,0.0004461671581956090098052091811679720910966329125808500660647445518467392928909327,0.000446167158158452599770034198840181400289508654380343638739059033475781428665508,3.715641003517498232779069080712425820050642732568551837095786422542466310926901e-14,8.601632056344456210158013199905153379316280017446052503401208056639563579048267e-14,0.0004461500228604675746742719672218261883717959050244129986295981083286438465919762
0.007876278611187055,5.437125786424715,0.0005621295066241977782616023355059742959916524438308500660647445518467392928909327,0.0005621295066684517770985461652103534710470762772076398887297833716649863304434183,4.425399883694382970437917505542383337678982266503881981824703755248560806607017e-14,7.663261350579792827389373812620564425539108460482715782349968082798277066494508e-14,0.0005621023069583069216417669205040983258638275467176666389480713044340663855208496
0.008840733401525063,5.437271890135699,0.0007082332176088663449141468767904162439286641625808500660647445518467392928909327,0.0007082332176276117481827788103139309534222349407916835362289632521463108757564932,1.87454032686319335235147094935707782108334701642187002995715828655605237151266e-14,6.827259541283762809075525519590160150617025221545395598121548366427843957026028e-14,0.0007081900421461860995019295503979727641734801253886103782691279076744550078771142
0.009923286228832545,5.437455970742676,0.0008923138245859214283760385037295937570512227563308500660647445518467392928909327,0.0008923138245964082989243119080751722063212474191511074360302928479057339364423776,1.048687054827340434557844927002466282025736996554829605899464355144487131755792e-14,6.082458983409676436765428575518239158944530652011793544118397921880356069655775e-14,0.0008922452898562483419172047909999326497494261001964193827199585560549529221270357
0.011138398264826195,5.437687901334473,0.001124244416382746498026405871742260459321730568830850066064744551846739292890933,0.001124244416396184501760586050593844221607503063502123324878578108713403925104447,1.343800373418017885158376228577249467127325881383355686666463221351456634505725e-14,5.418910334541703319410081459275170920033539404685941669738001141833019406268901e-14,0.001124135627302300335066546752976891246349384410142295348651915267318622910381209
0.012502301459914553,5.437980122774182,0.001416465856091941394776383359812986853975050881330850066064744551846739292890933,0.001416465856081375829829693589115924426919836178120115014726803669046928280719448,1.05655649466897706970624270552147032107350513379408827998110121714847971835257e-14,4.827749647617324305493650436007511097911820302799843211705184690310508289384806e-14,0.001416293168419323513989407240511685685550466722305135964475148940854199891016545
0.014033215376054847,5.438348312111904,0.001784655193813366542041491894879233840364211037580850066064744551846739292890933,0.001784655193776592457014694539456661250436022986845981275752389716565019231219709,3.677408502679735542257258992818805073486879031235483528172006167122325305616702e-14,4.301079962792993305427158059564616803733832851150526538600631348598728102005082e-14,0.001784381074847049188779411739344117435203188649127385839623168539644670168641131
0.015751590570916227,5.43881222533805,0.002248568419959506376368678585522663596528761818830850066064744551846739292890933,0.002248568419943999867260082892547445507941948824492266304428712913939192456984193,1.550650910859569297521808858681299433858376163603163790754683590673928536867169e-14,3.831865816710165050485795455024639993877362833407714197768632506669418931128377e-14,0.002248133289970743626586897505240139926854606875591942617827834250169542315366969
0.017680381784572076,5.439396760153659,0.002833103235568112471707151682012569907563918068830850066064744551846739292890933,0.002833103235555036303723741125827557767830674229904648181484082623776020062961078,1.307616798341055618501213973324383892620188458066192807071922992985475019106265e-14,3.413839259974379930363454521903788715778419586799929458048479047428008726737748e-14,0.002832412515873799491323763812779981706547215366746870554284458838008870153055381
0.01984535457805803,5.440133296520196,0.003569639602105811410534967846133601668733351662580850066064744551846739292890933,0.003569639602090368216521139128957041722831671658363829399611328986569695219640552,1.544319401382871717655994590168000421702066645341556527704407325038110518837114e-14,3.041416127391480354641600392062571076883791328994267042216817601488213466335727e-14,0.003568543153504335850505162316924807662905685576472528590011899518411101520649669
0.022275429519995574,5.441061388106791,0.004497731188700159838287233552791965011018507912580850066064744551846739292890933,0.004497731188692036975062555537431690014240370367247997135978017857568149880211128,8.12286322467801536027499677813754533285293008672669427858941267980501804972976e-15,2.709621442465457607710409401838678101417215685550325311003845963022860932880787e-14,0.004495990667696664930597557213847529097882302443540741123715984575688088159859913
0.02500306851906324,5.442230897298244,0.005667240380153581530873068087630760672944777443830850066064744551846739292890933,0.005667240380161667495838705355324095266542207657982909226565136572970663910066555,8.08596496563726769333459359743021415205916050039202112392461717562239662501447e-15,2.414022959681486420348382344269508353008614514142096057497076150862023274072635e-14,0.005664477411231542642568348838869183464418839164090028635931322576777546322849758
0.028064708463098373,5.443704691374215,0.007141034456124617041847684132763040069001906350080850066064744551846739292890933,0.007141034456133639093282925233929322613823502925300750781589405401410030714311094,9.022051435241101166282544821596575219900715524660849563291421420160887704214545e-15,2.150671956805513841510130823928721055891733679887328910135410735592897968063596e-14,0.007136648341578311879316346062249637220090272261530029496618347228086792845167641
0.031501247957553276,5.445562049409377,0.008998392491286355072030871353008639815706007912580850066064744551846739292890933,0.008998392491280511700455593310155350257379663433371439171609278407908684931726906,5.843371575278042853289558326344479209410894455466143938054361164027002210643288e-15,1.91605048628035654264995844086215136566780622526133157936418740665210025132895e-14,0.008991429544830291222963542167927628119002794808071872701808554658215716183034071
0.035358593665351795,5.447902970495567,0.01133931357747612842002725036897588968600630088133085006606474455184673929289093,0.01133931357748254258825809615034354149276460016562354191886629014970615728212556,6.414168230845781367651806758299284292691852801545597859417989234623660169135479e-15,1.707024381081461758889634680335277973506958351764658563883373215230761192064802e-14,0.01132825962415131804651812959745012350216880537952902079802212267291164514120645
0.03968827354637164,5.450853626897874,0.01428996997978308988775695715182353258456587119383085006606474455184673929289093,0.01428996997978034946389647426340670131095290333476669952730076867306859238030475,2.740423860482888416831273612967859064150538763975878778146912586186234300209586e-15,1.52080138726583786327705743126866549876800303061495038510679037593400726866335e-14,0.01427242080609801480489256326369016672951897250295859711441499423119380214275622
0.04454812518844989,5.454573274601416,0.01800961768332569554230447201141048670138716025633085006606474455184673929289093,0.01800961768332533529553038056901078706131424986037194036567155931753672135663397,3.60246774091442399699640072910395958909700393185234310017936256963683154262817e-16,1.354893863932060997832012311448267820077764116783904715146624183560439065542635e-14,0.01798175557630077471383356553602016653824113107269151926325230891568901876698477
0.050003068424910924,5.459263023726648,0.02269936680855770780352629762225676775302290244383085006606474455184673929289093,0.02269936680856506097890898325417140338137618042300603781762401207958318799723929,7.353175382685631914635628353277979175187751559267527736448704348357390197625033e-15,1.207085552322593596992530196882555106743037372268997927466881773720861966976524e-14,0.02265512893704074113039761034499732137471569928074969887881156382716612238943937
0.056125972559549715,5.465176989948613,0.02861333303052286899982080021024574041690229697508085006606474455184673929289093,0.02861333303051869324850793323161579318668075537396534995865660148587671907342371,4.175751312866978629947230221541601115500107408143065970020219467225937791116785e-15,1.075401970156831783942198230507882137986410931145532721781311888853631563236057e-14,0.02854308996561064858413390367928913941573303728944272649243516735359665281341088
0.0629986297838069,5.472636505942092,0.03607284902400180690063878236421276331271528525633085006606474455184673929289093,0.03607284902399426257092003485057442609070127745971014853808266570625017518400468,7.544329718747513638337222014007796620701527982078845596564108886254707291594456e-15,9.58084035710605217994685534089601515951561455629465386103312751153242152281615e-15,0.03596130426134750754397798271964833953060904555478797224230450626594437218477111
0.07071284778943,5.482048284243422,0.04548462732533191618712096632541049719180464072508085006606474455184673929289093,0.0454846273253307855254530086059745720563816531728703521967713785383197832615518,1.130661667957719435925135422987552210497869293366013526956031339137155354428463e-15,8.535645693020755075936383844949421892764726679783824185712610922343833371091931e-15,0.0453074774222184374855474704761777395359289528958439088787174367141951146364973
0.07937167617217551,5.493927712097842,0.05736405517975178233781350817614127397860883994383085006606474455184673929289093,0.05736405517975536585895046159453373853080450957172795241533945470604691355001133,3.583521136953418392464552195669627897102349274710154200174257120397858639325557e-15,7.604473582815314266954663668376144186518115947120850596253254285104854148325704e-15,0.05708267685305466884382783210921926405785458091610868674341359193018019435867648
0.08909078300934138,5.508928858048066,0.07236520112997595297100504202850986719455122275633085006606474455184673929289093,0.07236520112997283103404143907129402177679776763468278355952513621576883408209997,3.121936963602957215845417753455121648066506539608336077905210790967116212505855e-15,6.774885058668679994579176174261111056933508540777513106912070018195317262496526e-15,0.07191819501106026753912228633927299957334930275687457095170825011208751580406647
0.1,5.527883329362764,0.09131967244467336050673709641293514967288374228758085006606474455184673929289093,0.09131967244467084861789095990193354727877672820115350427681192888193375143462224,2.511888846136511001602394107014086427345789252815669912987858268694443373870075e-15,6.035798146750803915206637479024120146656318382165542299053768878959223340728449e-15,0.09060939428197422036981991110034465287570903969102588050858492719189787220769009
